"Tanggal","Terakhir","Pembukaan","Tertinggi","Terendah","Vol","Perubahan%"
"2014-01-01",1205.40,1203.60,1205.40,1202.80,0,-11.85
"2014-01-02",1391.70,1391.70,1391.70,1391.70,0.21K,15.46
"2014-01-03",1405.50,1405.50,1405.50,1405.50,0.14K,0.99
"2014-01-06",1405.00,1405.00,1405.00,1405.00,0.13K,-0.04
"2014-01-07",1395.50,1395.50,1395.50,1395.50,0.07K,-0.68
"2014-01-08",1392.60,1392.60,1392.60,1392.60,0.19K,-0.21
"2014-01-09",1397.90,1397.90,1397.90,1397.90,0.01K,0.38
"2014-01-10",1413.40,1398.90,1398.90,1398.90,0.00K,1.11
"2014-01-13",1416.00,1416.00,1416.00,1416.00,0.05K,0.18
"2014-01-14",1411.80,1411.80,1411.80,1411.80,0.04K,-0.3
"2014-01-15",1405.90,1405.90,1405.90,1405.90,0.07K,-0.42
"2014-01-16",1405.70,1405.70,1405.70,1405.70,0.05K,-0.01
"2014-01-17",1417.10,1417.10,1417.10,1417.10,0.10K,0.81
"2014-01-20",1255.10,1255.70,1257.90,1253.10,0,-11.43
"2014-01-21",1405.10,1405.10,1405.10,1405.10,0.22K,11.95
"2014-01-22",1403.60,1403.60,1403.60,1403.60,0.06K,-0.11
"2014-01-23",1426.10,1426.10,1426.10,1426.10,0.04K,1.6
"2014-01-24",1426.00,1426.00,1426.00,1426.00,0.04K,-0.01
"2014-01-27",1425.10,1425.10,1425.10,1421.00,0.09K,-0.06
"2014-01-28",1412.00,1412.00,1412.00,1412.00,0.02K,-0.92
"2014-01-29",1422.20,1422.20,1422.20,1422.20,0,0.72
"2014-01-30",1402.80,1402.80,1402.80,1402.80,45.28K,-1.36
"2014-01-31",1398.90,1398.90,1398.90,1398.90,5.82K,-0.28
"2014-02-03",1417.10,1417.10,1417.10,1417.10,2.91K,1.3
"2014-02-04",1407.30,1407.30,1407.30,1407.30,1.75K,-0.69
"2014-02-05",1413.00,1413.00,1413.00,1413.00,1.62K,0.41
"2014-02-06",1413.30,1410.20,1410.20,1410.20,0.00K,0.02
"2014-02-07",1415.70,1415.70,1415.70,1415.70,0.44K,0.17
"2014-02-10",1427.50,1427.50,1427.50,1427.50,0.74K,0.83
"2014-02-11",1443.60,1443.60,1443.60,1443.60,0.56K,1.13
"2014-02-12",1451.10,1451.10,1451.10,1451.10,0.14K,0.52
"2014-02-13",1451.40,1451.40,1451.40,1451.40,0.03K,0.02
"2014-02-14",1470.80,1470.80,1470.80,1470.80,0.31K,1.34
"2014-02-17",1328.50,1323.70,1332.20,1321.10,0,-9.68
"2014-02-18",1473.20,1465.40,1465.40,1465.40,0.03K,10.89
"2014-02-19",1467.70,1467.70,1467.70,1467.70,0.19K,-0.37
"2014-02-20",1467.80,1467.80,1467.80,1467.80,0.12K,0.01
"2014-02-21",1474.40,1474.40,1474.40,1474.40,0.17K,0.45
"2014-02-24",1491.00,1491.00,1491.00,1491.00,0.09K,1.13
"2014-02-25",1493.80,1493.80,1493.80,1493.80,0.29K,0.19
"2014-02-26",1478.40,1478.40,1478.40,1478.40,0.06K,-1.03
"2014-02-27",1481.30,1481.30,1481.30,1481.30,0.37K,0.2
"2014-02-28",1473.00,1473.00,1473.00,1473.00,0.24K,-0.56
"2014-03-03",1500.00,1500.00,1500.00,1500.00,0.23K,1.83
"2014-03-04",1488.70,1488.70,1488.70,1488.70,0.08K,-0.75
"2014-03-05",1491.10,1491.10,1491.10,1491.10,0.03K,0.16
"2014-03-06",1504.30,1504.30,1504.30,1504.30,0.06K,0.89
"2014-03-07",1494.60,1494.60,1494.60,1494.60,0.10K,-0.64
"2014-03-10",1497.20,1497.20,1500.00,1497.20,0.10K,0.17
"2014-03-11",1502.20,1502.20,1502.20,1502.20,0.05K,0.33
"2014-03-12",1525.20,1525.20,1525.20,1525.20,0.06K,1.53
"2014-03-13",1526.00,1526.00,1526.00,1526.00,0.02K,0.05
"2014-03-14",1532.40,1532.40,1532.40,1532.40,0.09K,0.42
"2014-03-17",1525.60,1525.60,1525.60,1525.60,0.03K,-0.44
"2014-03-18",1511.60,1511.60,1511.60,1511.60,0.04K,-0.92
"2014-03-19",1493.00,1493.00,1493.00,1493.00,0.06K,-1.23
"2014-03-20",1488.70,1488.70,1488.70,1488.70,0.07K,-0.29
"2014-03-21",1493.50,1493.50,1493.50,1493.50,0.00K,0.32
"2014-03-24",1468.50,1468.50,1468.50,1468.50,0.10K,-1.67
"2014-03-25",1466.40,1466.40,1466.40,1466.40,0.05K,-0.14
"2014-03-26",1456.10,1456.10,1456.10,1456.10,0.00K,-0.7
"2014-03-27",1447.80,1447.80,1447.80,1447.80,0,-0.57
"2014-03-28",1445.30,1445.30,1445.30,1445.30,65.49K,-0.17
"2014-03-31",1433.80,1433.80,1433.80,1433.80,4.12K,-0.8
"2014-04-01",1430.00,1430.00,1430.00,1430.00,0.88K,-0.27
"2014-04-02",1442.50,1442.50,1442.50,1442.50,1.10K,0.87
"2014-04-03",1435.10,1435.10,1435.10,1435.10,0.78K,-0.51
"2014-04-04",1452.70,1452.70,1452.70,1452.70,0.98K,1.23
"2014-04-07",1442.70,1442.70,1442.70,1442.70,0.36K,-0.69
"2014-04-08",1452.30,1452.30,1452.30,1452.30,0.26K,0.67
"2014-04-09",1451.10,1451.10,1451.10,1451.10,0.19K,-0.08
"2014-04-10",1461.70,1461.70,1461.70,1461.70,0.13K,0.73
"2014-04-11",1459.70,1459.70,1459.70,1460.00,0.08K,-0.14
"2014-04-14",1469.30,1460.00,1460.00,1460.00,0.00K,0.66
"2014-04-15",1442.00,1442.00,1442.00,1442.00,0.24K,-1.86
"2014-04-16",1446.00,1446.00,1446.00,1446.00,0.18K,0.28
"2014-04-17",1437.50,1437.50,1437.50,1437.50,0.12K,-0.59
"2014-04-21",1432.40,1432.40,1432.40,1432.40,0.10K,-0.35
"2014-04-22",1425.40,1425.40,1425.40,1425.40,0.50K,-0.49
"2014-04-23",1424.00,1424.00,1424.00,1424.00,0.18K,-0.1
"2014-04-24",1429.70,1429.70,1429.70,1429.70,0.52K,0.4
"2014-04-25",1438.90,1438.90,1438.90,1438.90,0.27K,0.64
"2014-04-28",1435.70,1435.70,1435.70,1435.70,0.06K,-0.22
"2014-04-29",1432.50,1432.50,1432.50,1432.50,0.90K,-0.22
"2014-04-30",1431.80,1431.80,1431.80,1431.80,0.18K,-0.05
"2014-05-01",1417.50,1417.50,1417.50,1417.50,0.03K,-1
"2014-05-02",1437.50,1437.50,1437.50,1437.50,0.09K,1.41
"2014-05-05",1444.40,1444.40,1444.40,1444.40,0.03K,0.48
"2014-05-06",1444.00,1444.00,1444.00,1444.00,0.01K,-0.03
"2014-05-07",1423.30,1423.30,1423.30,1423.30,0.02K,-1.43
"2014-05-08",1421.70,1421.70,1421.70,1421.70,0.07K,-0.11
"2014-05-09",1421.80,1421.80,1421.80,1421.80,0.00K,0.01
"2014-05-12",1430.60,1430.60,1430.60,1430.60,0.50K,0.62
"2014-05-13",1427.50,1427.50,1427.50,1427.50,0.02K,-0.22
"2014-05-14",1435.30,1435.30,1435.30,1435.30,0.03K,0.55
"2014-05-15",1422.00,1422.00,1422.00,1422.00,0.03K,-0.93
"2014-05-16",1422.30,1422.30,1422.30,1422.30,0.00K,0.02
"2014-05-19",1421.90,1421.90,1421.90,1421.90,0.04K,-0.03
"2014-05-20",1422.50,1422.50,1422.50,1422.50,0.01K,0.04
"2014-05-21",1416.10,1416.10,1416.10,1416.10,0.00K,-0.45
"2014-05-22",1422.70,1422.70,1422.70,1422.70,0.00K,0.47
"2014-05-23",1419.10,1419.10,1419.10,1419.10,0.00K,-0.25
"2014-05-25",1291.70,1293.90,1294.20,1291.10,0,-8.98
"2014-05-26",1292.50,1291.60,1294.40,1291.40,0,0.06
"2014-05-27",1392.90,1392.90,1392.90,1392.90,0.03K,7.77
"2014-05-28",1385.40,1385.40,1385.40,1385.40,0,-0.54
"2014-05-29",1379.50,1379.50,1379.50,1379.50,38.05K,-0.43
"2014-05-30",1368.90,1368.90,1368.90,1368.90,3.84K,-0.77
"2014-06-02",1367.70,1367.70,1367.70,1367.70,0.77K,-0.09
"2014-06-03",1368.20,1368.20,1368.20,1368.20,0.65K,0.04
"2014-06-04",1368.40,1368.40,1368.40,1368.40,0.60K,0.01
"2014-06-05",1377.30,1377.30,1377.30,1377.30,1.32K,0.65
"2014-06-06",1377.60,1377.60,1377.60,1377.60,0.38K,0.02
"2014-06-09",1380.20,1380.20,1380.20,1380.20,0.10K,0.19
"2014-06-10",1386.50,1386.50,1386.50,1386.50,1.01K,0.46
"2014-06-11",1387.00,1387.00,1387.00,1387.00,0.13K,0.04
"2014-06-12",1399.90,1399.90,1399.90,1399.90,0.13K,0.93
"2014-06-13",1401.60,1401.60,1401.60,1401.60,0.15K,0.12
"2014-06-16",1403.00,1403.00,1403.00,1403.00,0.33K,0.1
"2014-06-17",1399.90,1384.50,1384.50,1384.50,0.00K,-0.22
"2014-06-18",1400.60,1400.60,1400.60,1400.60,0.14K,0.05
"2014-06-19",1442.50,1442.50,1442.50,1442.50,0.60K,2.99
"2014-06-20",1445.20,1445.20,1445.20,1445.20,0.25K,0.19
"2014-06-23",1447.00,1447.00,1447.00,1447.00,0.14K,0.12
"2014-06-24",1448.60,1448.60,1448.60,1448.60,0.22K,0.11
"2014-06-25",1449.20,1449.20,1449.20,1449.20,0.00K,0.04
"2014-06-26",1443.40,1443.40,1443.40,1443.40,0.59K,-0.4
"2014-06-27",1444.70,1444.70,1444.70,1444.70,0.63K,0.09
"2014-06-30",1445.10,1445.10,1445.10,1445.10,0.74K,0.03
"2014-07-01",1450.20,1450.20,1450.20,1450.20,0.05K,0.35
"2014-07-02",1454.80,1454.80,1454.80,1454.80,0.23K,0.32
"2014-07-03",1445.60,1445.60,1445.60,1445.60,0.04K,-0.63
"2014-07-04",1321.30,1321.10,1324.00,1319.60,0,-8.6
"2014-07-07",1442.00,1442.00,1442.00,1442.00,0.09K,9.13
"2014-07-08",1441.40,1441.40,1441.40,1441.40,0.01K,-0.04
"2014-07-09",1449.70,1449.70,1449.70,1449.70,0.02K,0.58
"2014-07-10",1464.70,1464.70,1464.70,1464.70,0.03K,1.03
"2014-07-11",1462.90,1462.90,1462.90,1462.90,0.11K,-0.12
"2014-07-14",1430.70,1430.70,1430.70,1430.70,0.10K,-2.2
"2014-07-15",1421.30,1421.30,1421.30,1421.30,0.37K,-0.66
"2014-07-16",1424.90,1424.90,1424.90,1424.90,0.03K,0.25
"2014-07-17",1442.10,1442.10,1442.10,1442.10,0.02K,1.21
"2014-07-18",1434.70,1434.70,1434.70,1434.70,0.03K,-0.51
"2014-07-21",1439.60,1439.60,1439.60,1439.60,0.02K,0.34
"2014-07-22",1431.60,1431.60,1431.60,1431.60,0.00K,-0.56
"2014-07-23",1430.30,1430.30,1430.30,1430.30,0,-0.09
"2014-07-24",1417.30,1417.30,1417.30,1417.30,0.00K,-0.91
"2014-07-25",1430.30,1430.30,1430.30,1430.30,0.01K,0.92
"2014-07-28",1432.00,1432.00,1432.00,1432.00,0.05K,0.12
"2014-07-29",1426.70,1426.70,1426.70,1426.70,0.05K,-0.37
"2014-07-30",1426.10,1420.60,1420.60,1420.60,0.00K,-0.04
"2014-07-31",1411.50,1411.50,1411.50,1411.50,5.66K,-1.02
"2014-08-01",1421.10,1421.10,1421.10,1421.10,0.00K,0.68
"2014-08-04",1411.90,1411.90,1411.90,1411.90,0.92K,-0.65
"2014-08-05",1409.00,1409.00,1409.00,1409.00,0.83K,-0.21
"2014-08-06",1432.70,1432.70,1432.70,1432.70,0.71K,1.68
"2014-08-07",1437.30,1437.30,1437.30,1437.30,0.23K,0.32
"2014-08-08",1435.90,1435.90,1435.90,1435.90,0.59K,-0.1
"2014-08-11",1435.50,1435.50,1435.50,1435.50,0.19K,-0.03
"2014-08-12",1435.30,1435.30,1435.30,1435.30,0.44K,-0.01
"2014-08-13",1437.90,1437.90,1437.90,1437.90,0.24K,0.18
"2014-08-14",1439.10,1439.10,1439.10,1439.10,0.32K,0.08
"2014-08-15",1429.40,1429.40,1429.40,1429.40,0.20K,-0.67
"2014-08-18",1422.80,1422.80,1422.80,1422.80,0.10K,-0.46
"2014-08-19",1419.00,1419.00,1419.00,1419.00,0.14K,-0.27
"2014-08-20",1419.00,1419.00,1419.00,1419.00,0.33K,0
"2014-08-21",1399.20,1399.20,1399.20,1399.20,0.26K,-1.4
"2014-08-22",1404.10,1404.10,1404.10,1404.10,0.12K,0.35
"2014-08-25",1403.10,1403.10,1403.10,1403.10,0.00K,-0.07
"2014-08-26",1409.30,1409.30,1409.30,1409.30,0.07K,0.44
"2014-08-27",1406.90,1406.90,1406.90,1406.90,0.04K,-0.17
"2014-08-28",1413.80,1413.80,1413.80,1413.80,0.82K,0.49
"2014-08-29",1410.60,1410.60,1410.60,1410.60,0.12K,-0.23
"2014-08-31",1287.70,1288.50,1289.00,1286.80,0,-8.71
"2014-09-01",1287.40,1287.60,1290.90,1285.90,0,-0.02
"2014-09-02",1389.00,1389.00,1389.00,1389.00,0.28K,7.89
"2014-09-03",1395.50,1395.50,1395.50,1395.50,0.28K,0.47
"2014-09-04",1392.30,1392.30,1392.30,1392.30,0.29K,-0.23
"2014-09-05",1393.20,1393.20,1393.20,1393.20,0.12K,0.06
"2014-09-08",1380.20,1380.20,1380.20,1380.20,0.00K,-0.93
"2014-09-09",1374.60,1374.60,1374.60,1374.60,0,-0.41
"2014-09-10",1372.00,1372.00,1372.00,1372.00,0.10K,-0.19
"2014-09-11",1365.40,1365.40,1365.40,1365.40,0,-0.48
"2014-09-12",1357.80,1357.80,1357.80,1357.80,0.05K,-0.56
"2014-09-15",1361.30,1361.30,1361.30,1361.30,0.02K,0.26
"2014-09-16",1363.00,1363.00,1363.00,1363.00,0.00K,0.12
"2014-09-17",1362.00,1362.00,1362.00,1362.00,0.01K,-0.07
"2014-09-18",1353.40,1353.40,1353.40,1353.40,0.01K,-0.63
"2014-09-19",1343.10,1343.10,1343.10,1343.10,0.00K,-0.76
"2014-09-22",1344.20,1344.20,1344.20,1344.20,0.00K,0.08
"2014-09-23",1347.20,1347.20,1347.20,1347.20,0.01K,0.22
"2014-09-24",1344.90,1344.90,1344.90,1344.90,0.00K,-0.17
"2014-09-25",1346.40,1346.40,1346.40,1346.40,0.00K,0.11
"2014-09-26",1340.40,1340.40,1340.40,1340.40,0.00K,-0.45
"2014-09-29",1343.70,1343.70,1343.70,1343.70,0.00K,0.25
"2014-09-30",1336.70,1336.70,1336.70,1336.70,0.68K,-0.52
"2014-10-01",1340.20,1340.20,1340.20,1340.20,0.18K,0.26
"2014-10-02",1338.10,1338.10,1338.10,1338.10,0.18K,-0.16
"2014-10-03",1316.90,1316.90,1316.90,1316.90,0.50K,-1.58
"2014-10-06",1330.70,1330.70,1330.70,1330.70,0.42K,1.05
"2014-10-07",1333.60,1333.60,1333.60,1333.60,0.27K,0.22
"2014-10-08",1314.20,1314.20,1314.20,1314.20,0.01K,-1.45
"2014-10-09",1328.80,1331.90,1331.90,1331.90,0.00K,1.11
"2014-10-10",1323.70,1323.70,1323.70,1323.70,0.19K,-0.38
"2014-10-13",1329.30,1329.30,1329.30,1329.30,0.10K,0.42
"2014-10-14",1329.30,1329.30,1329.30,1329.30,0.07K,0
"2014-10-15",1331.30,1331.30,1331.30,1331.30,0.25K,0.15
"2014-10-16",1327.50,1327.50,1327.50,1327.50,0.00K,-0.29
"2014-10-17",1328.50,1328.50,1328.50,1328.50,0.36K,0.08
"2014-10-20",1334.30,1334.30,1334.30,1334.30,0.11K,0.44
"2014-10-21",1341.80,1341.80,1341.80,1341.80,0.05K,0.56
"2014-10-22",1336.60,1336.60,1336.60,1336.60,0.00K,-0.39
"2014-10-23",1322.10,1322.10,1322.10,1309.80,0.00K,-1.08
"2014-10-24",1325.00,1325.00,1325.00,1325.00,0.07K,0.22
"2014-10-27",1322.40,1322.40,1322.40,1322.40,0.28K,-0.2
"2014-10-28",1322.60,1322.60,1322.60,1322.60,0.05K,0.02
"2014-10-29",1319.20,1319.20,1319.20,1319.20,0,-0.26
"2014-10-30",1292.90,1292.90,1292.90,1307.70,0.52K,-1.99
"2014-10-31",1265.90,1265.90,1265.90,1277.70,0.26K,-2.09
"2014-11-03",1264.40,1264.40,1264.40,1264.40,0.06K,-0.12
"2014-11-04",1260.30,1260.30,1260.30,1260.30,0.04K,-0.32
"2014-11-05",1238.10,1238.10,1238.10,1259.90,0.16K,-1.76
"2014-11-06",1234.40,1234.40,1234.40,1234.40,0.14K,-0.3
"2014-11-07",1261.00,1261.00,1261.00,1261.00,0.10K,2.15
"2014-11-10",1251.30,1251.30,1251.30,1251.30,0.04K,-0.77
"2014-11-11",1255.10,1255.10,1255.10,1255.10,0.02K,0.3
"2014-11-12",1250.40,1250.40,1250.40,1250.40,0.02K,-0.37
"2014-11-13",1251.40,1251.40,1251.40,1251.40,1.05K,0.08
"2014-11-14",1275.60,1275.60,1275.60,1275.60,0.49K,1.93
"2014-11-17",1273.70,1273.70,1273.70,1273.70,0.02K,-0.15
"2014-11-18",1285.50,1285.50,1285.50,1285.50,0.00K,0.93
"2014-11-19",1283.40,1283.40,1283.40,1283.40,0.02K,-0.16
"2014-11-20",1278.90,1278.90,1278.90,1278.90,0.00K,-0.35
"2014-11-21",1285.90,1285.90,1285.90,1285.90,0.03K,0.55
"2014-11-24",1284.20,1284.20,1284.20,1284.20,0.02K,-0.13
"2014-11-25",1285.20,1285.20,1285.20,1285.20,0.00K,0.08
"2014-11-26",1284.50,1284.50,1284.50,1283.00,75.30K,-0.05
"2014-11-27",1188.80,1197.30,1199.30,1185.40,0,-7.45
"2014-11-28",1261.20,1261.20,1261.20,1261.20,11.18K,6.09
"2014-12-01",1302.50,1302.50,1302.50,1302.50,5.52K,3.27
"2014-12-02",1284.70,1284.70,1284.70,1284.70,1.24K,-1.37
"2014-12-03",1295.80,1294.00,1294.00,1294.00,0.00K,0.86
"2014-12-04",1294.20,1294.20,1294.20,1294.20,0.36K,-0.12
"2014-12-05",1280.80,1280.80,1280.80,1280.80,0.56K,-1.04
"2014-12-08",1284.40,1284.40,1284.40,1284.40,0.18K,0.28
"2014-12-09",1320.20,1321.00,1321.00,1321.00,0.00K,2.79
"2014-12-10",1315.50,1315.50,1315.50,1315.50,0.31K,-0.36
"2014-12-11",1312.30,1312.30,1312.30,1312.30,0.26K,-0.24
"2014-12-12",1303.50,1303.50,1303.50,1303.50,0.20K,-0.67
"2014-12-15",1287.70,1287.70,1287.70,1287.70,0.08K,-1.21
"2014-12-16",1272.00,1272.00,1272.00,1272.00,0.22K,-1.22
"2014-12-17",1272.30,1272.30,1272.30,1272.30,0.09K,0.02
"2014-12-18",1273.90,1273.90,1273.90,1273.90,0.20K,0.13
"2014-12-19",1275.60,1275.60,1275.60,1275.60,0.10K,0.13
"2014-12-22",1259.70,1259.70,1259.70,1259.70,0.22K,-1.25
"2014-12-23",1259.70,1259.70,1259.70,1259.70,0.23K,0
"2014-12-24",1255.60,1255.60,1255.60,1255.60,0.02K,-0.33
"2014-12-25",1177.00,1175.00,1178.90,1175.00,0,-6.26
"2014-12-26",1277.70,1277.70,1277.70,1277.70,0.12K,8.56
"2014-12-29",1262.90,1262.90,1262.90,1262.90,0.06K,-1.16
"2014-12-30",1281.90,1281.90,1281.90,1281.90,0.19K,1.5
"2014-12-31",1265.40,1265.40,1265.40,1265.40,0.09K,-1.29
"2015-01-01",1186.80,1184.10,1187.50,1184.10,0,-6.21
"2015-01-02",1267.70,1265.00,1265.00,1265.00,0.00K,6.82
"2015-01-05",1283.50,1283.50,1283.50,1283.50,0.47K,1.25
"2015-01-06",1292.20,1292.20,1292.20,1292.20,0.10K,0.68
"2015-01-07",1283.60,1283.60,1283.60,1283.60,0.03K,-0.67
"2015-01-08",1281.60,1281.60,1281.60,1281.60,0.09K,-0.16
"2015-01-09",1287.40,1287.40,1287.40,1287.40,0.04K,0.45
"2015-01-12",1303.20,1303.20,1303.20,1303.20,0.10K,1.23
"2015-01-13",1304.50,1304.50,1304.50,1304.50,0.02K,0.1
"2015-01-14",1294.50,1294.50,1294.50,1294.50,0.20K,-0.77
"2015-01-15",1322.80,1322.80,1322.80,1322.80,0.13K,2.19
"2015-01-16",1334.90,1334.90,1334.90,1334.90,0.04K,0.91
"2015-01-18",1279.00,1281.00,1281.90,1275.70,0,-4.19
"2015-01-19",1275.90,1279.40,1279.50,1272.50,0,-0.24
"2015-01-20",1352.40,1352.40,1352.40,1352.40,0.16K,6
"2015-01-21",1353.40,1353.40,1353.40,1353.40,0.08K,0.07
"2015-01-22",1365.20,1365.20,1365.20,1365.20,0.25K,0.87
"2015-01-23",1357.60,1357.60,1357.60,1357.60,0.03K,-0.56
"2015-01-26",1345.60,1345.60,1345.60,1345.60,0.03K,-0.88
"2015-01-27",1354.70,1354.70,1354.70,1354.70,0.05K,0.68
"2015-01-28",1346.90,1346.90,1346.90,1346.90,0.03K,-0.58
"2015-01-29",1315.80,1315.80,1315.80,1315.80,67.98K,-2.31
"2015-01-30",1336.60,1336.60,1336.60,1336.60,8.63K,1.58
"2015-02-02",1334.40,1334.40,1334.40,1334.40,1.65K,-0.16
"2015-02-03",1319.30,1319.30,1319.30,1319.30,2.38K,-1.13
"2015-02-04",1325.40,1325.40,1325.40,1325.40,0.67K,0.46
"2015-02-05",1323.90,1323.90,1323.90,1323.90,0.13K,-0.11
"2015-02-06",1301.60,1301.60,1301.60,1301.60,0.43K,-1.68
"2015-02-09",1308.90,1308.90,1308.90,1308.90,0.32K,0.56
"2015-02-10",1300.20,1300.20,1300.20,1300.20,0.23K,-0.66
"2015-02-11",1288.20,1288.20,1288.20,1288.20,0.10K,-0.92
"2015-02-12",1287.70,1287.70,1287.70,1287.70,0.10K,-0.04
"2015-02-13",1294.20,1294.20,1294.20,1294.20,0.01K,0.5
"2015-02-15",1228.80,1228.20,1229.30,1227.80,0,-5.05
"2015-02-16",1231.70,1228.70,1236.40,1228.50,0,0.24
"2015-02-17",1278.90,1278.90,1278.90,1278.90,0.20K,3.83
"2015-02-18",1270.50,1270.50,1270.50,1270.50,0.15K,-0.66
"2015-02-19",1275.90,1275.90,1275.90,1275.90,0.07K,0.43
"2015-02-20",1272.20,1272.20,1272.20,1272.20,0.05K,-0.29
"2015-02-23",1267.70,1267.70,1267.70,1267.70,0.27K,-0.35
"2015-02-24",1262.10,1262.10,1262.10,1262.10,0.15K,-0.44
"2015-02-25",1265.00,1265.00,1265.00,1265.00,0.02K,0.23
"2015-02-26",1275.10,1275.10,1275.10,1275.10,0.56K,0.8
"2015-02-27",1278.40,1278.40,1278.40,1278.40,0.20K,0.26
"2015-03-02",1274.80,1274.80,1274.80,1274.80,0.12K,-0.28
"2015-03-03",1273.20,1273.20,1273.20,1273.20,0.05K,-0.13
"2015-03-04",1269.60,1269.60,1269.60,1269.60,0.03K,-0.28
"2015-03-05",1265.10,1265.10,1265.10,1265.10,0.03K,-0.35
"2015-03-06",1234.60,1234.60,1234.60,1234.60,0.17K,-2.41
"2015-03-09",1237.00,1237.00,1237.00,1237.00,0.05K,0.19
"2015-03-10",1227.10,1227.10,1227.10,1227.10,0.09K,-0.8
"2015-03-11",1217.40,1217.40,1217.40,1217.40,0.07K,-0.79
"2015-03-12",1218.00,1218.00,1218.00,1218.00,0.06K,0.05
"2015-03-13",1217.90,1217.90,1217.90,1217.90,0.04K,-0.01
"2015-03-16",1218.30,1218.30,1218.30,1218.30,0.06K,0.03
"2015-03-17",1213.50,1213.50,1213.50,1213.50,0.07K,-0.39
"2015-03-18",1216.50,1216.50,1216.50,1216.50,0.11K,0.25
"2015-03-19",1228.50,1228.50,1228.50,1228.50,0.04K,0.99
"2015-03-20",1243.70,1243.70,1243.70,1243.70,0.05K,1.24
"2015-03-23",1246.50,1246.50,1246.50,1246.50,0.01K,0.23
"2015-03-24",1250.20,1250.20,1250.20,1250.20,0.41K,0.3
"2015-03-25",1256.30,1256.30,1256.30,1256.30,0.01K,0.49
"2015-03-26",1266.00,1266.00,1266.00,1266.00,0.07K,0.77
"2015-03-27",1260.90,1260.90,1260.90,1260.90,0.00K,-0.4
"2015-03-30",1245.40,1245.40,1245.40,1245.40,37.99K,-1.23
"2015-03-31",1241.20,1241.20,1241.20,1241.20,3.41K,-0.34
"2015-04-01",1263.20,1263.20,1263.20,1263.20,1.63K,1.77
"2015-04-02",1257.20,1257.20,1257.20,1257.20,1.68K,-0.47
"2015-04-03",1257.20,1257.20,1257.20,1257.20,0,0
"2015-04-06",1274.40,1274.40,1274.40,1274.40,0.34K,1.37
"2015-04-07",1267.40,1267.40,1267.40,1267.40,0.41K,-0.55
"2015-04-08",1260.10,1260.10,1260.10,1260.10,0.24K,-0.58
"2015-04-09",1250.60,1250.60,1250.60,1250.60,0.05K,-0.75
"2015-04-10",1262.30,1262.30,1262.30,1262.30,0.20K,0.94
"2015-04-13",1256.80,1256.80,1256.80,1256.80,0.42K,-0.44
"2015-04-14",1247.10,1247.10,1247.10,1247.10,0.55K,-0.77
"2015-04-15",1255.50,1255.50,1255.50,1255.50,0.20K,0.67
"2015-04-16",1252.00,1252.00,1252.00,1252.00,0.20K,-0.28
"2015-04-17",1257.10,1257.10,1257.10,1257.10,0.02K,0.41
"2015-04-20",1248.30,1248.30,1248.30,1248.30,0.07K,-0.7
"2015-04-21",1258.10,1258.10,1258.10,1258.10,0.03K,0.79
"2015-04-22",1243.70,1243.70,1243.70,1243.70,0.09K,-1.14
"2015-04-23",1251.00,1251.00,1251.00,1251.00,0.33K,0.59
"2015-04-24",1229.40,1229.40,1229.40,1229.40,0.05K,-1.73
"2015-04-27",1258.20,1258.20,1258.20,1258.20,0.19K,2.34
"2015-04-28",1270.40,1270.40,1270.40,1270.40,0.01K,0.97
"2015-04-29",1269.00,1269.00,1269.00,1269.00,0.05K,-0.11
"2015-04-30",1242.00,1242.00,1242.00,1242.00,0.14K,-2.13
"2015-05-01",1235.10,1235.10,1235.10,1235.10,0.02K,-0.56
"2015-05-04",1248.00,1248.00,1248.00,1248.00,0.04K,1.04
"2015-05-05",1257.20,1257.20,1257.20,1257.20,0.05K,0.74
"2015-05-06",1255.70,1255.70,1255.70,1255.70,0.01K,-0.12
"2015-05-07",1247.50,1247.50,1247.50,1247.50,0.04K,-0.65
"2015-05-08",1251.50,1251.50,1251.50,1251.50,0.05K,0.32
"2015-05-11",1246.30,1246.30,1246.30,1246.30,0.03K,-0.42
"2015-05-12",1256.00,1256.00,1256.00,1256.00,0.01K,0.78
"2015-05-13",1281.20,1281.20,1281.20,1281.20,0.03K,2.01
"2015-05-14",1288.00,1288.00,1288.00,1288.00,0.00K,0.53
"2015-05-15",1287.90,1287.90,1287.90,1287.90,0.01K,-0.01
"2015-05-18",1290.20,1290.20,1290.20,1290.20,0.00K,0.18
"2015-05-19",1270.40,1270.40,1270.40,1270.40,0.01K,-1.53
"2015-05-20",1272.50,1272.50,1272.50,1272.50,0.01K,0.17
"2015-05-21",1267.10,1267.10,1267.10,1269.90,0.04K,-0.42
"2015-05-22",1268.70,1283.00,1283.00,1267.20,0.05K,0.13
"2015-05-24",1204.40,1205.80,1205.80,1203.90,0,-5.07
"2015-05-25",1207.40,1204.60,1209.00,1203.30,0,0.25
"2015-05-26",1251.20,1251.20,1251.20,1251.20,0.04K,3.63
"2015-05-27",1249.60,1249.60,1249.60,1249.50,0.03K,-0.13
"2015-05-28",1251.50,1251.50,1251.50,1251.50,52.71K,0.15
"2015-05-29",1251.70,1251.70,1251.70,1251.00,4.75K,0.02
"2015-06-01",1251.40,1251.40,1251.40,1251.40,1.24K,-0.02
"2015-06-02",1258.80,1258.80,1258.80,1258.80,0.05K,0.59
"2015-06-03",1250.90,1250.90,1250.90,1250.90,0.63K,-0.63
"2015-06-04",1241.10,1241.10,1241.10,1241.10,0.45K,-0.78
"2015-06-05",1237.60,1237.60,1237.60,1237.60,0.39K,-0.28
"2015-06-08",1243.00,1243.00,1243.00,1243.00,0.17K,0.44
"2015-06-09",1247.80,1247.80,1247.80,1247.80,0.14K,0.39
"2015-06-10",1259.60,1259.60,1259.60,1259.60,0.11K,0.95
"2015-06-11",1253.60,1253.60,1253.60,1253.60,0.07K,-0.48
"2015-06-12",1252.00,1252.00,1252.00,1252.00,0.14K,-0.13
"2015-06-15",1256.80,1256.80,1256.80,1256.80,0.10K,0.38
"2015-06-16",1250.40,1250.40,1250.40,1250.40,0.03K,-0.51
"2015-06-17",1247.90,1247.90,1247.90,1247.90,0.17K,-0.2
"2015-06-18",1271.80,1271.80,1271.80,1271.80,0.13K,1.92
"2015-06-19",1270.40,1270.40,1270.40,1270.40,0.14K,-0.11
"2015-06-22",1253.10,1253.10,1253.10,1253.10,0.10K,-1.36
"2015-06-23",1245.80,1245.80,1245.80,1245.80,0.06K,-0.58
"2015-06-24",1242.00,1242.00,1242.00,1242.00,0.26K,-0.31
"2015-06-25",1241.30,1241.30,1241.30,1241.30,0.10K,-0.06
"2015-06-26",1244.10,1244.10,1244.10,1244.10,0.03K,0.23
"2015-06-29",1249.00,1249.00,1249.00,1249.00,0.17K,0.39
"2015-06-30",1241.80,1241.80,1241.80,1241.80,0.22K,-0.58
"2015-07-01",1239.50,1239.50,1239.50,1239.50,0.46K,-0.19
"2015-07-02",1232.50,1232.50,1232.50,1232.50,0.13K,-0.56
"2015-07-03",1167.80,1164.70,1169.00,1164.60,0,-5.25
"2015-07-06",1241.60,1241.60,1241.60,1241.60,0.63K,6.32
"2015-07-07",1220.50,1220.50,1220.50,1220.50,0.47K,-1.7
"2015-07-08",1229.60,1229.60,1229.60,1229.60,0.07K,0.75
"2015-07-09",1226.10,1226.10,1226.10,1226.10,0.07K,-0.28
"2015-07-10",1227.60,1227.60,1227.60,1227.60,0.03K,0.12
"2015-07-13",1226.00,1226.00,1226.00,1226.00,0.01K,-0.13
"2015-07-14",1223.40,1223.40,1223.40,1223.40,0.04K,-0.21
"2015-07-15",1217.30,1217.30,1217.30,1217.30,0.02K,-0.5
"2015-07-16",1214.20,1214.20,1214.20,1214.20,0.01K,-0.25
"2015-07-17",1201.70,1201.70,1201.70,1201.70,0.12K,-1.03
"2015-07-20",1176.50,1176.50,1176.50,1176.50,0.19K,-2.1
"2015-07-21",1170.50,1170.50,1170.50,1170.50,0.12K,-0.51
"2015-07-22",1158.60,1158.60,1158.60,1158.60,0.05K,-1.02
"2015-07-23",1161.10,1161.10,1161.10,1161.10,0.06K,0.22
"2015-07-24",1151.00,1151.00,1151.00,1151.00,0.10K,-0.87
"2015-07-27",1161.60,1161.60,1161.60,1161.60,0.02K,0.92
"2015-07-28",1161.60,1161.60,1161.60,1161.60,0.03K,0
"2015-07-29",1158.50,1158.50,1158.50,1158.50,0.01K,-0.27
"2015-07-30",1154.40,1154.40,1154.40,1154.40,49.30K,-0.35
"2015-07-31",1154.10,1154.10,1154.10,1154.10,0.20K,-0.03
"2015-08-03",1147.80,1147.80,1147.80,1147.80,2.42K,-0.55
"2015-08-04",1149.70,1149.70,1149.70,1149.70,1.14K,0.17
"2015-08-05",1148.10,1148.10,1148.10,1148.10,0.01K,-0.14
"2015-08-06",1152.60,1152.60,1152.60,1152.60,0.27K,0.39
"2015-08-07",1156.80,1156.80,1156.80,1156.80,0.61K,0.36
"2015-08-10",1166.80,1166.80,1166.80,1166.80,0.90K,0.86
"2015-08-11",1168.70,1168.70,1168.70,1168.70,1.00K,0.16
"2015-08-12",1184.00,1184.00,1184.00,1184.00,0.80K,1.31
"2015-08-13",1176.10,1176.10,1176.10,1176.10,0.10K,-0.67
"2015-08-14",1173.30,1173.30,1173.30,1173.30,0.91K,-0.24
"2015-08-17",1178.90,1178.90,1178.90,1178.90,0.40K,0.48
"2015-08-18",1177.30,1177.30,1177.30,1177.30,0.48K,-0.14
"2015-08-19",1188.10,1188.10,1188.10,1188.10,0.35K,0.92
"2015-08-20",1213.20,1213.20,1213.20,1213.20,0.41K,2.11
"2015-08-21",1217.80,1217.80,1217.80,1217.80,0.26K,0.38
"2015-08-24",1209.90,1209.90,1209.90,1209.90,0.30K,-0.65
"2015-08-25",1194.70,1194.70,1194.70,1194.70,0.22K,-1.26
"2015-08-26",1180.00,1180.00,1180.00,1180.00,0.12K,-1.23
"2015-08-27",1178.20,1178.20,1178.20,1178.20,0.13K,-0.15
"2015-08-28",1189.40,1189.40,1189.40,1189.40,0.01K,0.95
"2015-08-31",1187.90,1187.90,1187.90,1187.90,0.19K,-0.13
"2015-09-01",1192.30,1192.30,1192.30,1192.30,0.38K,0.37
"2015-09-02",1185.40,1185.40,1185.40,1185.40,0.20K,-0.58
"2015-09-03",1174.50,1174.50,1174.50,1174.50,0.12K,-0.92
"2015-09-04",1171.50,1171.50,1171.50,1171.50,0.05K,-0.26
"2015-09-06",1119.90,1122.30,1123.10,1119.60,0,-4.4
"2015-09-07",1119.90,1119.50,1124.00,1115.20,0,0
"2015-09-08",1170.90,1170.90,1170.90,1170.90,0.14K,4.55
"2015-09-09",1151.70,1151.70,1151.70,1151.70,0.25K,-1.64
"2015-09-10",1158.90,1158.90,1158.90,1158.90,0.06K,0.63
"2015-09-11",1152.90,1152.90,1152.90,1152.90,0.08K,-0.52
"2015-09-14",1156.70,1156.70,1156.70,1156.70,0.02K,0.33
"2015-09-15",1151.50,1151.50,1151.50,1151.50,0.01K,-0.45
"2015-09-16",1168.60,1168.60,1168.60,1168.60,0.00K,1.49
"2015-09-17",1167.20,1167.20,1167.20,1167.20,0.01K,-0.12
"2015-09-18",1186.50,1186.50,1186.50,1186.50,0.06K,1.65
"2015-09-21",1181.80,1181.80,1181.80,1181.80,0.00K,-0.4
"2015-09-22",1172.70,1172.70,1172.70,1172.70,0.20K,-0.77
"2015-09-23",1179.40,1179.40,1179.40,1179.40,0.03K,0.57
"2015-09-24",1200.70,1200.70,1200.70,1200.70,0.04K,1.81
"2015-09-25",1192.60,1192.60,1192.60,1192.60,0.06K,-0.67
"2015-09-28",1178.20,1178.20,1178.20,1178.20,0.10K,-1.21
"2015-09-29",1172.90,1169.00,1169.00,1168.00,0.01K,-0.45
"2015-09-30",1158.40,1158.40,1158.40,1158.40,0.87K,-1.24
"2015-10-01",1156.90,1156.90,1156.90,1156.90,1.18K,-0.13
"2015-10-02",1179.00,1171.00,1172.00,1171.00,0.03K,1.91
"2015-10-05",1178.30,1173.00,1173.00,1171.00,0.03K,-0.06
"2015-10-06",1186.40,1183.50,1183.50,1183.50,0.01K,0.69
"2015-10-07",1189.10,1186.00,1186.00,1186.00,0.00K,0.23
"2015-10-08",1185.00,1185.00,1185.00,1185.00,0.14K,-0.34
"2015-10-09",1197.50,1197.50,1197.50,1197.50,0.03K,1.05
"2015-10-12",1206.20,1206.20,1206.20,1206.20,0.04K,0.73
"2015-10-13",1206.90,1206.90,1206.90,1206.90,0.13K,0.06
"2015-10-14",1219.30,1219.30,1219.30,1219.30,0.14K,1.03
"2015-10-15",1227.10,1219.00,1219.50,1219.00,0.02K,0.64
"2015-10-16",1222.30,1222.30,1222.30,1222.30,0.24K,-0.39
"2015-10-19",1212.00,1206.50,1207.20,1206.50,0.04K,-0.84
"2015-10-20",1216.60,1216.60,1216.60,1216.60,0.00K,0.38
"2015-10-21",1205.40,1205.40,1205.40,1205.40,0.04K,-0.92
"2015-10-22",1204.10,1204.10,1204.10,1204.10,0.00K,-0.11
"2015-10-23",1200.10,1200.10,1200.10,1200.10,0.04K,-0.33
"2015-10-26",1201.70,1201.70,1201.70,1201.70,0.00K,0.13
"2015-10-27",1199.80,1199.80,1199.80,1199.80,0.00K,-0.16
"2015-10-28",1210.90,1210.90,1210.90,1210.90,0.00K,0.93
"2015-10-29",1183.40,1183.40,1183.40,1183.40,0.00K,-2.27
"2015-10-30",1176.80,1176.80,1176.80,1176.80,0.25K,-0.56
"2015-11-02",1172.00,1172.00,1172.00,1172.00,0.18K,-0.41
"2015-11-03",1150.20,1150.20,1150.20,1150.20,0.19K,-1.86
"2015-11-04",1142.80,1142.80,1142.80,1142.80,0.14K,-0.64
"2015-11-05",1141.70,1141.70,1141.70,1141.70,0.08K,-0.1
"2015-11-06",1129.50,1129.50,1129.50,1129.50,0.00K,-1.07
"2015-11-09",1130.80,1130.80,1130.80,1130.80,0.01K,0.12
"2015-11-10",1131.00,1135.00,1135.00,1135.00,0.01K,0.02
"2015-11-11",1127.00,1127.00,1127.00,1127.00,0.02K,-0.35
"2015-11-12",1122.90,1122.90,1122.90,1122.90,0.00K,-0.36
"2015-11-13",1122.90,1122.90,1122.90,1122.90,0.02K,0
"2015-11-16",1124.10,1123.40,1123.40,1123.40,0.00K,0.11
"2015-11-17",1108.50,1106.80,1106.80,1106.80,0.01K,-1.39
"2015-11-18",1108.50,1108.50,1108.50,1108.50,0.01K,0
"2015-11-19",1117.20,1117.20,1117.20,1117.20,0.01K,0.78
"2015-11-20",1115.40,1115.40,1115.40,1115.40,0.01K,-0.16
"2015-11-23",1106.30,1106.30,1106.30,1106.30,0.01K,-0.82
"2015-11-24",1113.20,1113.20,1113.20,1113.20,0.22K,0.62
"2015-11-25",1110.00,1110.00,1110.00,1110.00,0.06K,-0.29
"2015-11-26",1070.80,1070.10,1074.20,1069.20,0,-3.53
"2015-11-27",1096.50,1096.50,1096.50,1096.50,52.13K,2.4
"2015-11-30",1105.90,1105.90,1105.90,1105.90,4.60K,0.86
"2015-12-01",1104.00,1104.00,1104.00,1104.00,3.44K,-0.17
"2015-12-02",1094.40,1094.40,1094.40,1094.40,0.50K,-0.87
"2015-12-03",1102.60,1102.60,1102.60,1102.60,0.02K,0.75
"2015-12-04",1125.20,1125.20,1125.20,1125.20,0.89K,2.05
"2015-12-07",1116.30,1116.30,1116.30,1116.30,0.66K,-0.79
"2015-12-08",1116.40,1116.40,1116.40,1116.40,0.31K,0.01
"2015-12-09",1117.30,1117.30,1117.30,1117.30,0.39K,0.08
"2015-12-10",1112.70,1112.70,1112.70,1112.70,0.23K,-0.41
"2015-12-11",1116.20,1116.20,1116.20,1116.20,0.41K,0.31
"2015-12-14",1103.80,1103.80,1103.80,1103.80,0.51K,-1.11
"2015-12-15",1102.20,1102.20,1102.20,1102.20,0.01K,-0.14
"2015-12-16",1117.70,1117.70,1117.70,1117.70,0.08K,1.41
"2015-12-17",1090.50,1090.50,1090.50,1090.50,0.06K,-2.43
"2015-12-18",1105.70,1105.70,1105.70,1105.70,0.25K,1.39
"2015-12-21",1122.90,1122.90,1122.90,1122.90,0.25K,1.56
"2015-12-22",1116.40,1116.40,1116.40,1116.40,0.11K,-0.58
"2015-12-23",1110.60,1110.60,1110.60,1110.60,0.20K,-0.52
"2015-12-24",1118.30,1118.30,1118.30,1118.30,0.02K,0.69
"2015-12-28",1110.50,1110.50,1110.50,1110.50,0.36K,-0.7
"2015-12-29",1111.00,1111.00,1111.00,1111.00,0.00K,0.05
"2015-12-30",1103.20,1103.20,1103.20,1103.20,0.00K,-0.7
"2015-12-31",1103.40,1103.40,1103.40,1103.40,0.01K,0.02
"2016-01-04",1118.10,1118.10,1118.10,1118.10,0.14K,1.33
"2016-01-05",1121.00,1121.00,1121.00,1121.00,0.08K,0.26
"2016-01-06",1134.50,1134.50,1134.50,1134.50,0.05K,1.2
"2016-01-07",1145.30,1145.30,1145.30,1145.30,0.25K,0.95
"2016-01-08",1134.90,1134.90,1134.90,1134.90,0.10K,-0.91
"2016-01-11",1131.70,1131.70,1131.70,1131.70,0.04K,-0.28
"2016-01-12",1120.30,1120.30,1120.30,1120.30,0.09K,-1.01
"2016-01-13",1120.60,1120.60,1120.60,1120.60,0.25K,0.03
"2016-01-14",1106.40,1106.40,1106.40,1106.40,0.06K,-1.27
"2016-01-15",1121.60,1121.60,1121.60,1121.60,0.04K,1.37
"2016-01-17",1090.30,1088.60,1090.80,1088.60,0,-2.79
"2016-01-18",1088.50,1090.20,1093.30,1087.40,0,-0.17
"2016-01-19",1119.90,1119.90,1119.90,1119.90,0.02K,2.88
"2016-01-20",1135.80,1135.80,1135.80,1135.80,0.03K,1.42
"2016-01-21",1127.70,1127.70,1127.70,1127.70,0.02K,-0.71
"2016-01-22",1126.70,1126.70,1126.70,1126.70,0.00K,-0.09
"2016-01-25",1136.50,1136.50,1136.50,1136.50,0.01K,0.87
"2016-01-26",1151.40,1151.40,1151.40,1151.40,0.18K,1.31
"2016-01-27",1148.00,1148.00,1148.00,1148.00,0.01K,-0.3
"2016-01-28",1147.80,1147.80,1147.80,1147.80,0.01K,-0.02
"2016-01-29",1146.20,1146.20,1146.20,1146.20,6.96K,-0.14
"2016-02-01",1157.80,1157.80,1157.80,1157.80,1.68K,1.01
"2016-02-02",1156.40,1156.40,1156.40,1156.40,1.23K,-0.12
"2016-02-03",1169.60,1169.60,1169.60,1169.60,1.63K,1.14
"2016-02-04",1184.00,1183.60,1183.60,1183.60,0.00K,1.23
"2016-02-05",1184.30,1184.30,1184.30,1184.30,0.88K,0.03
"2016-02-08",1224.50,1224.50,1224.50,1224.50,0.93K,3.39
"2016-02-09",1223.40,1223.40,1223.40,1223.40,0.70K,-0.09
"2016-02-10",1219.30,1219.30,1219.30,1219.30,0.13K,-0.34
"2016-02-11",1268.80,1259.00,1259.00,1259.00,0.00K,4.06
"2016-02-12",1257.90,1257.90,1257.90,1257.90,0.10K,-0.86
"2016-02-14",1233.60,1235.70,1235.90,1231.40,0,-1.93
"2016-02-15",1208.10,1234.00,1235.10,1202.80,0,-2.07
"2016-02-16",1227.80,1231.00,1231.00,1224.20,0.00K,1.63
"2016-02-17",1233.90,1233.90,1233.90,1233.90,0.01K,0.5
"2016-02-18",1249.20,1249.20,1249.20,1249.20,0.32K,1.24
"2016-02-19",1254.10,1254.10,1254.10,1254.10,0.08K,0.39
"2016-02-22",1233.40,1236.00,1236.00,1236.00,0.00K,-1.65
"2016-02-23",1248.10,1248.10,1248.10,1248.10,0.30K,1.19
"2016-02-24",1263.80,1263.80,1263.80,1263.80,0.11K,1.26
"2016-02-25",1263.70,1263.70,1263.70,1263.70,0.00K,-0.01
"2016-02-26",1245.50,1245.50,1245.50,1245.50,0.66K,-1.44
"2016-02-29",1260.00,1260.00,1260.00,1260.00,0.58K,1.16
"2016-03-01",1257.90,1257.90,1257.90,1257.90,0.48K,-0.17
"2016-03-02",1269.70,1269.70,1269.70,1269.70,0.00K,0.94
"2016-03-03",1287.40,1287.40,1287.40,1287.40,0.12K,1.39
"2016-03-04",1302.30,1302.30,1302.30,1302.30,0.00K,1.16
"2016-03-07",1297.00,1297.00,1297.00,1297.00,0.07K,-0.41
"2016-03-08",1295.70,1294.10,1294.10,1294.00,0.00K,-0.1
"2016-03-09",1290.10,1284.00,1284.00,1284.00,0.00K,-0.43
"2016-03-10",1306.80,1306.80,1306.80,1306.80,0.12K,1.29
"2016-03-11",1295.30,1295.30,1295.30,1295.30,0.09K,-0.88
"2016-03-14",1281.10,1279.40,1282.50,1279.00,0.00K,-1.1
"2016-03-15",1266.90,1266.90,1266.90,1266.90,0.04K,-1.11
"2016-03-16",1267.60,1267.60,1267.60,1267.60,0.13K,0.06
"2016-03-17",1300.80,1300.80,1300.80,1300.80,0.00K,2.62
"2016-03-18",1288.70,1288.70,1288.70,1288.70,0.54K,-0.93
"2016-03-21",1279.40,1279.40,1279.40,1279.40,1.06K,-0.72
"2016-03-22",1285.50,1288.60,1288.60,1284.00,0.00K,0.48
"2016-03-23",1260.70,1279.00,1279.00,1264.00,0.00K,-1.93
"2016-03-24",1259.10,1259.10,1259.10,1259.10,0.01K,-0.13
"2016-03-25",1216.70,1216.70,1216.70,1216.70,0,-3.37
"2016-03-28",1257.40,1254.00,1254.00,1254.00,0.00K,3.35
"2016-03-29",1273.00,1273.00,1273.00,1273.00,0.01K,1.24
"2016-03-30",1263.60,1263.60,1263.60,1263.60,48.25K,-0.74
"2016-03-31",1267.60,1267.60,1267.60,1267.60,0.10K,0.32
"2016-04-01",1255.60,1255.60,1255.60,1255.60,1.60K,-0.95
"2016-04-04",1251.40,1251.40,1251.40,1251.40,2.04K,-0.33
"2016-04-05",1261.20,1261.20,1261.20,1261.20,0.48K,0.78
"2016-04-06",1255.50,1255.50,1255.50,1255.50,0.25K,-0.45
"2016-04-07",1269.00,1269.00,1269.00,1269.00,0.38K,1.08
"2016-04-08",1274.00,1274.00,1274.00,1274.00,0.06K,0.39
"2016-04-11",1289.10,1289.10,1289.10,1289.10,0.44K,1.19
"2016-04-12",1293.10,1293.10,1293.10,1293.10,0.19K,0.31
"2016-04-13",1280.60,1280.60,1280.60,1280.60,0.20K,-0.97
"2016-04-14",1258.80,1258.80,1258.80,1258.80,0.26K,-1.7
"2016-04-15",1266.40,1266.40,1266.40,1266.40,0.10K,0.6
"2016-04-18",1267.00,1267.00,1267.00,1267.00,0.30K,0.05
"2016-04-19",1287.50,1290.00,1290.60,1281.30,0.25K,1.62
"2016-04-20",1289.00,1289.00,1289.00,1289.00,0.18K,0.12
"2016-04-21",1286.20,1286.20,1286.20,1286.20,0.12K,-0.22
"2016-04-22",1265.50,1265.50,1265.50,1265.50,0.05K,-1.61
"2016-04-25",1275.80,1275.80,1275.80,1275.80,0.44K,0.81
"2016-04-26",1279.10,1279.10,1279.10,1279.10,0.10K,0.26
"2016-04-27",1286.50,1286.50,1286.50,1286.50,0.04K,0.58
"2016-04-28",1303.10,1303.10,1303.10,1303.10,0.89K,1.29
"2016-04-29",1327.70,1335.00,1335.00,1335.00,0.00K,1.89
"2016-05-02",1333.60,1333.60,1333.60,1333.60,0.19K,0.44
"2016-05-03",1329.10,1329.10,1329.10,1329.10,0.00K,-0.34
"2016-05-04",1310.60,1310.60,1310.60,1310.60,0.03K,-1.39
"2016-05-05",1307.10,1316.80,1316.80,1316.80,0.33K,-0.27
"2016-05-06",1329.40,1329.40,1329.40,1329.40,0.31K,1.71
"2016-05-09",1302.20,1302.20,1302.20,1302.20,0.34K,-2.05
"2016-05-10",1300.60,1295.00,1295.00,1295.00,0.02K,-0.12
"2016-05-11",1311.90,1311.90,1311.90,1311.90,0.05K,0.87
"2016-05-12",1307.00,1307.00,1307.00,1307.00,0.10K,-0.37
"2016-05-13",1308.80,1308.80,1308.80,1308.80,0.07K,0.14
"2016-05-16",1311.10,1311.10,1311.10,1311.10,0.04K,0.18
"2016-05-17",1314.20,1315.40,1315.40,1315.40,0.00K,0.24
"2016-05-18",1313.60,1313.60,1313.60,1313.60,0.02K,-0.05
"2016-05-19",1295.20,1295.20,1295.20,1295.20,0.05K,-1.4
"2016-05-20",1295.20,1295.20,1295.20,1295.20,0.04K,0
"2016-05-23",1294.20,1294.20,1294.20,1294.20,0.06K,-0.08
"2016-05-24",1272.00,1272.00,1272.00,1272.00,0.02K,-1.72
"2016-05-25",1266.70,1266.70,1266.70,1266.70,0.01K,-0.42
"2016-05-26",1262.90,1262.90,1262.90,1262.90,0.00K,-0.3
"2016-05-27",1256.90,1256.90,1256.90,1256.90,63.74K,-0.48
"2016-05-30",1212.15,1208.25,1213.15,1201.80,0,-3.56
"2016-05-31",1258.60,1258.60,1258.60,1258.60,6.43K,3.83
"2016-06-01",1256.50,1256.50,1256.50,1256.50,2.72K,-0.17
"2016-06-02",1254.20,1254.20,1254.20,1254.20,1.63K,-0.18
"2016-06-03",1283.90,1283.90,1283.90,1283.90,0.04K,2.37
"2016-06-06",1288.70,1288.70,1288.70,1288.70,1.14K,0.37
"2016-06-07",1288.10,1288.10,1288.10,1288.10,0.28K,-0.05
"2016-06-08",1303.30,1303.30,1303.30,1303.30,0.41K,1.18
"2016-06-09",1313.70,1313.70,1313.70,1313.70,0.01K,0.8
"2016-06-10",1317.00,1317.00,1317.00,1317.00,0.40K,0.25
"2016-06-13",1328.10,1328.10,1328.10,1328.10,0.33K,0.84
"2016-06-14",1325.60,1325.60,1325.60,1325.60,0.08K,-0.19
"2016-06-15",1326.00,1326.00,1326.00,1326.00,0.16K,0.03
"2016-06-16",1336.60,1336.60,1336.60,1336.60,0.01K,0.8
"2016-06-17",1333.90,1326.30,1326.50,1326.30,0.00K,-0.2
"2016-06-20",1333.80,1322.40,1336.20,1322.40,0.03K,-0.01
"2016-06-21",1314.20,1314.20,1314.20,1314.20,0.13K,-1.47
"2016-06-22",1311.70,1311.70,1311.70,1311.70,0.05K,-0.19
"2016-06-23",1306.60,1306.60,1306.60,1306.60,0.00K,-0.39
"2016-06-24",1365.70,1363.00,1363.00,1363.00,0.00K,4.52
"2016-06-27",1367.70,1367.70,1367.70,1367.70,0.09K,0.15
"2016-06-28",1361.10,1361.10,1361.10,1361.10,0.02K,-0.48
"2016-06-29",1370.30,1370.30,1370.30,1370.30,0.41K,0.68
"2016-06-30",1363.90,1363.90,1363.90,1363.90,0.00K,-0.47
"2016-07-01",1383.20,1383.20,1383.20,1383.20,0.14K,1.42
"2016-07-03",1345.50,1344.50,1347.55,1338.85,0,-2.73
"2016-07-04",1352.00,1345.00,1360.15,1343.00,0,0.48
"2016-07-05",1403.30,1394.50,1394.50,1393.80,0.00K,3.79
"2016-07-06",1411.70,1408.20,1409.00,1406.00,0.05K,0.6
"2016-07-07",1405.50,1405.50,1405.50,1405.50,0.03K,-0.44
"2016-07-08",1402.50,1399.80,1399.80,1399.80,0.01K,-0.21
"2016-07-11",1401.80,1407.70,1407.70,1407.70,0.13K,-0.05
"2016-07-12",1381.20,1386.10,1386.10,1386.10,0.01K,-1.47
"2016-07-13",1389.50,1389.50,1389.50,1389.50,0.01K,0.6
"2016-07-14",1378.20,1378.20,1378.20,1378.20,0.02K,-0.81
"2016-07-15",1374.00,1374.00,1374.00,1374.00,0.05K,-0.3
"2016-07-18",1375.90,1375.90,1375.90,1375.90,0.05K,0.14
"2016-07-19",1379.30,1379.30,1379.30,1379.30,0.44K,0.25
"2016-07-20",1366.70,1366.70,1366.70,1366.70,0.75K,-0.91
"2016-07-21",1379.20,1379.20,1379.20,1379.20,0.32K,0.91
"2016-07-22",1372.50,1372.50,1372.50,1372.50,0.06K,-0.49
"2016-07-25",1368.30,1368.30,1368.30,1368.30,0.55K,-0.31
"2016-07-26",1369.60,1369.60,1369.60,1369.60,0.01K,0.1
"2016-07-27",1378.10,1378.10,1378.10,1378.10,0.00K,0.62
"2016-07-28",1384.90,1384.90,1384.90,1384.90,56.91K,0.49
"2016-07-29",1401.80,1401.80,1401.80,1401.80,0.03K,1.22
"2016-08-01",1402.30,1402.90,1403.20,1402.90,0.02K,0.04
"2016-08-02",1415.50,1415.50,1415.50,1415.50,0.38K,0.94
"2016-08-03",1410.00,1414.20,1414.20,1414.20,0.00K,-0.39
"2016-08-04",1414.00,1414.00,1414.00,1414.00,0.02K,0.28
"2016-08-05",1394.00,1394.00,1394.00,1394.00,0.01K,-1.41
"2016-08-08",1391.40,1391.40,1391.40,1391.40,0.59K,-0.19
"2016-08-09",1396.70,1396.70,1396.70,1396.70,0.62K,0.38
"2016-08-10",1401.70,1401.70,1401.70,1401.70,0.11K,0.36
"2016-08-11",1400.10,1400.10,1400.10,1400.10,0.67K,-0.11
"2016-08-12",1392.90,1392.90,1392.90,1392.90,0.11K,-0.51
"2016-08-15",1396.70,1396.70,1396.70,1396.70,0.06K,0.27
"2016-08-16",1405.10,1405.10,1405.10,1405.10,0.34K,0.6
"2016-08-17",1396.70,1396.70,1396.70,1396.70,0.14K,-0.6
"2016-08-18",1405.20,1405.20,1405.20,1405.20,0.14K,0.61
"2016-08-19",1394.10,1394.10,1394.10,1394.10,0.20K,-0.79
"2016-08-22",1391.30,1391.30,1391.30,1391.30,0.12K,-0.2
"2016-08-23",1393.90,1393.90,1393.90,1393.90,0.55K,0.19
"2016-08-24",1376.50,1376.50,1376.50,1376.50,0.26K,-1.25
"2016-08-25",1370.10,1370.10,1370.10,1370.10,0.06K,-0.46
"2016-08-26",1369.30,1369.30,1369.30,1369.30,0.14K,-0.06
"2016-08-29",1370.50,1370.50,1370.50,1370.50,0.04K,0.09
"2016-08-30",1360.60,1360.60,1360.60,1360.60,0.02K,-0.72
"2016-08-31",1354.00,1354.00,1354.00,1354.00,0.12K,-0.49
"2016-09-01",1359.00,1359.00,1359.00,1359.00,0.20K,0.37
"2016-09-02",1371.70,1371.70,1371.70,1371.70,0.35K,0.93
"2016-09-04",1326.25,1328.20,1328.75,1326.15,0,-3.31
"2016-09-05",1331.10,1326.35,1332.15,1325.55,0,0.37
"2016-09-06",1397.50,1397.50,1397.50,1397.50,0.03K,4.99
"2016-09-07",1393.50,1393.50,1393.50,1393.50,0.01K,-0.29
"2016-09-08",1386.60,1386.60,1386.60,1386.60,0.03K,-0.5
"2016-09-09",1379.50,1379.50,1379.50,1379.50,0.04K,-0.51
"2016-09-12",1370.80,1370.80,1370.80,1370.80,0.18K,-0.63
"2016-09-13",1367.20,1367.20,1367.20,1367.20,0.09K,-0.26
"2016-09-14",1369.70,1369.70,1369.70,1369.70,0.00K,0.18
"2016-09-15",1361.30,1363.10,1363.10,1359.60,0.00K,-0.61
"2016-09-16",1353.50,1357.20,1358.50,1354.00,0.02K,-0.57
"2016-09-19",1360.80,1360.80,1360.80,1360.80,0.02K,0.54
"2016-09-20",1361.30,1361.30,1361.30,1361.30,0.10K,0.04
"2016-09-21",1374.90,1369.50,1369.50,1366.80,0.01K,1
"2016-09-22",1386.70,1389.40,1389.40,1389.40,0.10K,0.86
"2016-09-23",1383.70,1383.70,1383.70,1383.70,0.04K,-0.22
"2016-09-26",1386.60,1386.60,1386.60,1386.60,0.02K,0.21
"2016-09-27",1372.70,1372.70,1372.70,1372.70,0.05K,-1
"2016-09-28",1365.60,1365.60,1365.60,1365.60,0.10K,-0.52
"2016-09-29",1368.00,1368.00,1368.00,1368.00,6.11K,0.18
"2016-09-30",1359.30,1359.30,1359.30,1359.30,0.87K,-0.64
"2016-10-03",1354.80,1354.80,1354.80,1354.80,0.30K,-0.33
"2016-10-04",1311.00,1311.00,1311.00,1311.00,1.89K,-3.23
"2016-10-05",1310.20,1310.20,1310.20,1310.20,0.25K,-0.06
"2016-10-06",1294.40,1294.40,1294.40,1294.40,0.11K,-1.21
"2016-10-07",1293.40,1293.40,1293.40,1293.40,0.17K,-0.08
"2016-10-10",1302.80,1302.80,1302.80,1302.80,0.03K,0.73
"2016-10-11",1298.40,1298.70,1298.70,1298.70,0.00K,-0.34
"2016-10-12",1296.60,1296.60,1296.60,1296.60,0.13K,-0.14
"2016-10-13",1301.20,1301.20,1301.20,1301.20,0.32K,0.35
"2016-10-14",1299.30,1295.90,1295.90,1295.90,0.00K,-0.15
"2016-10-17",1300.70,1300.70,1300.70,1300.70,0.04K,0.11
"2016-10-18",1307.50,1307.50,1307.50,1307.50,0.01K,0.52
"2016-10-19",1314.30,1314.30,1314.30,1314.30,0.22K,0.52
"2016-10-20",1312.60,1312.60,1312.60,1312.60,0.42K,-0.13
"2016-10-21",1312.10,1312.10,1312.10,1312.10,0.22K,-0.04
"2016-10-24",1306.30,1306.30,1306.30,1306.30,0.04K,-0.44
"2016-10-25",1317.70,1317.70,1317.70,1317.70,0.20K,0.87
"2016-10-26",1310.70,1310.70,1310.70,1310.70,0.28K,-0.53
"2016-10-27",1315.60,1315.60,1315.60,1315.60,0.02K,0.37
"2016-10-28",1322.70,1318.00,1318.60,1318.00,0.11K,0.54
"2016-10-31",1319.30,1319.30,1319.30,1319.30,0.20K,-0.26
"2016-11-01",1334.40,1334.40,1334.40,1334.40,0.01K,1.14
"2016-11-02",1354.40,1354.40,1354.40,1354.40,0.03K,1.5
"2016-11-03",1350.20,1350.20,1350.20,1350.20,0.07K,-0.31
"2016-11-04",1352.10,1352.10,1352.10,1352.10,0.01K,0.14
"2016-11-07",1326.80,1326.80,1326.80,1326.80,0.03K,-1.87
"2016-11-08",1322.60,1322.60,1322.60,1322.60,0.00K,-0.32
"2016-11-09",1322.10,1319.00,1319.00,1319.00,0.02K,-0.04
"2016-11-10",1313.00,1313.00,1313.00,1313.00,0.01K,-0.69
"2016-11-11",1269.10,1267.10,1267.10,1267.10,0.00K,-3.34
"2016-11-14",1271.70,1271.70,1271.70,1271.70,0.17K,0.2
"2016-11-15",1275.70,1275.70,1275.70,1275.70,0.02K,0.31
"2016-11-16",1275.10,1275.10,1275.10,1275.10,0.07K,-0.05
"2016-11-17",1268.60,1268.60,1268.60,1268.60,1.14K,-0.51
"2016-11-18",1261.20,1261.20,1261.20,1261.20,0.61K,-0.58
"2016-11-21",1261.60,1261.60,1261.60,1261.60,0,0.03
"2016-11-22",1262.80,1271.30,1271.30,1271.30,0.00K,0.1
"2016-11-23",1241.70,1241.70,1241.70,1241.70,0.31K,-1.67
"2016-11-24",1185.55,1189.20,1190.30,1179.75,0,-4.52
"2016-11-25",1230.30,1230.30,1230.30,1230.30,0.00K,3.77
"2016-11-28",1243.40,1243.40,1243.40,1243.40,0.00K,1.06
"2016-11-29",1240.30,1240.00,1240.00,1240.00,0.01K,-0.25
"2016-11-30",1223.20,1230.00,1230.00,1225.40,0.01K,-1.38
"2016-12-01",1218.50,1218.50,1218.50,1218.50,0.00K,-0.38
"2016-12-02",1227.20,1227.20,1227.20,1227.20,1.52K,0.71
"2016-12-05",1226.50,1226.50,1226.50,1226.50,0.36K,-0.06
"2016-12-06",1219.80,1219.80,1219.80,1219.80,0.65K,-0.55
"2016-12-07",1231.40,1231.40,1231.40,1231.40,0.18K,0.95
"2016-12-08",1227.20,1227.20,1227.20,1227.20,0.32K,-0.34
"2016-12-09",1216.80,1216.80,1216.80,1216.80,0.37K,-0.85
"2016-12-12",1221.10,1221.10,1221.10,1221.10,0.33K,0.35
"2016-12-13",1214.40,1214.40,1214.40,1214.40,0.64K,-0.55
"2016-12-14",1219.10,1219.20,1219.20,1219.20,0.01K,0.39
"2016-12-15",1190.80,1190.00,1190.00,1190.00,0.56K,-2.32
"2016-12-16",1198.60,1197.00,1197.00,1197.00,0.02K,0.66
"2016-12-19",1203.60,1203.60,1203.60,1203.60,0.00K,0.42
"2016-12-20",1194.70,1194.00,1194.00,1194.00,0.00K,-0.74
"2016-12-21",1194.20,1194.20,1194.20,1194.20,0.05K,-0.04
"2016-12-22",1191.50,1191.50,1191.50,1191.50,0.10K,-0.23
"2016-12-23",1194.50,1194.50,1194.50,1194.50,0.07K,0.25
"2016-12-25",1135.00,1135.00,1135.00,1135.00,0,-4.98
"2016-12-26",1134.55,1135.00,1136.05,1134.00,0,-0.04
"2016-12-27",1199.60,1199.60,1199.60,1199.60,0.00K,5.73
"2016-12-28",1201.70,1201.70,1201.70,1201.70,0.21K,0.18
"2016-12-29",1218.90,1218.40,1218.40,1218.40,0.01K,1.43
"2016-12-30",1212.20,1219.00,1219.00,1219.00,0.00K,-0.55
"2017-01-02",1151.05,1151.00,1153.25,1150.00,0,-5.04
"2017-01-03",1222.40,1209.00,1209.00,1209.00,0.00K,6.2
"2017-01-04",1224.80,1224.80,1224.80,1224.80,0.25K,0.2
"2017-01-05",1239.80,1239.80,1239.80,1239.80,0.26K,1.22
"2017-01-06",1233.40,1234.00,1234.00,1234.00,0.21K,-0.52
"2017-01-09",1245.30,1245.30,1245.30,1245.30,0.06K,0.96
"2017-01-10",1246.20,1241.60,1241.60,1241.60,0.01K,0.07
"2017-01-11",1257.70,1257.70,1257.70,1257.70,0.02K,0.92
"2017-01-12",1261.00,1261.00,1261.00,1261.00,0.11K,0.26
"2017-01-13",1259.00,1259.00,1259.00,1259.00,1.51K,-0.16
"2017-01-15",1203.35,1197.30,1205.05,1197.30,0,-4.42
"2017-01-16",1202.85,1203.25,1208.45,1200.00,0,-0.04
"2017-01-17",1275.10,1275.10,1275.10,1275.10,0.00K,6.01
"2017-01-18",1273.40,1274.40,1274.40,1274.30,0.01K,-0.13
"2017-01-19",1263.20,1262.80,1262.80,1262.40,0.00K,-0.8
"2017-01-20",1266.90,1266.90,1266.90,1266.90,0.04K,0.29
"2017-01-23",1276.60,1276.60,1276.60,1276.60,0.02K,0.77
"2017-01-24",1271.80,1271.80,1271.80,1271.80,0.02K,-0.38
"2017-01-25",1258.80,1258.80,1258.80,1258.80,0.40K,-1.02
"2017-01-26",1250.60,1250.60,1250.60,1250.60,0.02K,-0.65
"2017-01-27",1249.40,1246.00,1246.00,1246.00,0.00K,-0.1
"2017-01-30",1254.10,1259.00,1259.00,1259.00,0.00K,0.38
"2017-01-31",1269.50,1270.00,1274.00,1270.00,0.00K,1.23
"2017-02-01",1267.20,1267.00,1267.00,1267.00,0.00K,-0.18
"2017-02-02",1278.30,1278.30,1278.30,1278.30,0.00K,0.88
"2017-02-03",1279.90,1279.90,1279.90,1279.90,0.87K,0.13
"2017-02-06",1291.00,1294.00,1294.00,1289.00,0.00K,0.87
"2017-02-07",1294.10,1294.10,1294.10,1294.10,0.01K,0.24
"2017-02-08",1296.00,1298.50,1298.50,1298.50,0.00K,0.15
"2017-02-09",1293.10,1293.10,1293.10,1293.10,0.01K,-0.22
"2017-02-10",1292.20,1292.20,1292.20,1292.20,0.39K,-0.07
"2017-02-13",1282.60,1282.60,1282.60,1282.60,0.40K,-0.74
"2017-02-14",1282.60,1282.60,1282.60,1282.60,0.03K,0
"2017-02-15",1291.90,1291.90,1291.90,1291.90,0.04K,0.73
"2017-02-16",1300.40,1300.40,1300.40,1300.40,0.09K,0.66
"2017-02-17",1297.10,1297.10,1297.10,1297.10,0.00K,-0.25
"2017-02-19",1237.30,1236.00,1239.25,1236.00,0,-4.61
"2017-02-20",1238.20,1237.25,1240.15,1233.50,0,0.07
"2017-02-21",1296.90,1296.90,1296.90,1296.90,0.12K,4.74
"2017-02-22",1291.00,1291.00,1291.00,1291.00,0.04K,-0.45
"2017-02-23",1309.40,1309.40,1309.40,1309.40,0.07K,1.43
"2017-02-24",1316.10,1314.50,1314.50,1314.50,0.01K,0.51
"2017-02-27",1316.80,1316.80,1316.80,1316.80,0.00K,0.05
"2017-02-28",1312.00,1312.00,1312.00,1312.00,0.72K,-0.36
"2017-03-01",1308.80,1308.80,1308.80,1308.80,0.03K,-0.24
"2017-03-02",1291.60,1291.60,1291.60,1291.60,0.08K,-1.31
"2017-03-03",1286.50,1286.50,1286.50,1286.50,0.12K,-0.39
"2017-03-06",1285.00,1285.00,1285.00,1285.00,0.03K,-0.12
"2017-03-07",1275.40,1285.40,1285.40,1276.20,0.16K,-0.75
"2017-03-08",1269.60,1269.50,1269.50,1269.50,0.00K,-0.45
"2017-03-09",1263.40,1263.40,1263.40,1263.40,0.04K,-0.49
"2017-03-10",1261.70,1261.70,1261.70,1261.70,0.00K,-0.13
"2017-03-13",1264.30,1266.80,1266.80,1266.80,0.03K,0.21
"2017-03-14",1264.00,1264.00,1264.00,1264.00,0.02K,-0.02
"2017-03-15",1262.00,1262.00,1262.00,1262.00,0.00K,-0.16
"2017-03-16",1288.40,1288.40,1288.40,1288.40,0.05K,2.09
"2017-03-17",1291.30,1291.30,1291.30,1291.30,0.03K,0.23
"2017-03-20",1294.90,1295.70,1295.70,1295.70,0.00K,0.28
"2017-03-21",1306.70,1300.00,1300.00,1300.00,0.00K,0.91
"2017-03-22",1309.20,1309.20,1309.20,1309.20,0.00K,0.19
"2017-03-23",1306.20,1306.20,1306.20,1306.20,0.09K,-0.23
"2017-03-24",1308.10,1308.10,1308.10,1308.10,0.02K,0.15
"2017-03-27",1315.10,1315.00,1315.00,1315.00,0.00K,0.54
"2017-03-28",1315.20,1315.20,1315.20,1315.20,0.03K,0.01
"2017-03-29",1313.20,1313.90,1313.90,1313.90,0.00K,-0.15
"2017-03-30",1304.40,1314.00,1314.50,1314.00,0.00K,-0.67
"2017-03-31",1307.50,1307.50,1307.50,1307.50,8.22K,0.24
"2017-04-03",1310.40,1310.40,1310.40,1310.40,1.16K,0.22
"2017-04-04",1314.50,1314.50,1314.50,1314.50,0.72K,0.31
"2017-04-05",1304.60,1304.60,1304.60,1304.60,0.91K,-0.75
"2017-04-06",1309.50,1309.50,1309.50,1309.50,0.00K,0.38
"2017-04-07",1313.90,1313.90,1313.90,1313.90,0.02K,0.34
"2017-04-10",1310.40,1313.20,1313.20,1313.20,0.01K,-0.27
"2017-04-11",1330.50,1332.00,1332.00,1332.00,0.00K,1.53
"2017-04-12",1334.40,1334.40,1334.40,1334.40,0.49K,0.29
"2017-04-13",1343.80,1343.80,1343.80,1343.80,0.92K,0.7
"2017-04-14",1289.65,1289.65,1289.65,1289.65,0,-4.03
"2017-04-17",1346.90,1346.90,1346.90,1346.90,0.07K,4.44
"2017-04-18",1348.00,1348.00,1348.00,1348.00,0.00K,0.08
"2017-04-19",1337.60,1338.50,1338.50,1338.50,0.00K,-0.77
"2017-04-20",1338.80,1338.80,1338.80,1338.80,0.05K,0.09
"2017-04-21",1344.10,1344.10,1344.10,1344.10,0.47K,0.4
"2017-04-24",1332.90,1335.00,1335.00,1335.00,0.01K,-0.83
"2017-04-25",1323.10,1323.10,1323.10,1323.10,0.36K,-0.74
"2017-04-26",1320.10,1320.10,1320.10,1320.10,0.10K,-0.23
"2017-04-27",1321.80,1321.80,1321.80,1321.80,0.21K,0.13
"2017-04-28",1324.20,1324.20,1324.20,1324.20,0.09K,0.18
"2017-05-01",1311.70,1311.70,1311.70,1311.70,0.03K,-0.94
"2017-05-02",1313.20,1311.80,1315.10,1311.80,0.01K,0.11
"2017-05-03",1304.70,1305.80,1305.80,1305.80,0.00K,-0.65
"2017-05-04",1284.50,1284.50,1284.50,1284.50,0.07K,-1.55
"2017-05-05",1282.90,1282.90,1282.90,1282.90,0.02K,-0.12
"2017-05-08",1283.20,1283.20,1283.20,1283.20,0.04K,0.02
"2017-05-09",1272.20,1279.80,1279.80,1271.60,0.00K,-0.86
"2017-05-10",1274.70,1274.70,1274.70,1274.70,0.01K,0.2
"2017-05-11",1280.00,1280.00,1280.00,1280.00,0.17K,0.42
"2017-05-12",1282.80,1282.80,1282.80,1282.80,0.02K,0.22
"2017-05-15",1285.10,1285.10,1285.10,1285.10,0.01K,0.18
"2017-05-16",1291.50,1288.00,1289.00,1288.00,0.01K,0.5
"2017-05-17",1313.30,1299.70,1312.20,1299.70,0.01K,1.69
"2017-05-18",1306.30,1306.30,1306.30,1306.30,0.01K,-0.53
"2017-05-19",1307.00,1307.00,1307.00,1307.00,0.01K,0.05
"2017-05-22",1315.10,1315.10,1315.10,1315.10,0.01K,0.62
"2017-05-23",1309.20,1309.20,1309.20,1309.20,0.02K,-0.45
"2017-05-24",1306.80,1306.80,1306.80,1306.80,0.01K,-0.18
"2017-05-25",1310.40,1310.10,1310.10,1310.10,0.00K,0.28
"2017-05-26",1321.90,1322.10,1322.10,1322.10,0.00K,0.88
"2017-05-28",1268.22,1266.31,1269.02,1266.31,0,-4.06
"2017-05-29",1266.69,1268.02,1268.60,1264.96,0,-0.12
"2017-05-30",1316.20,1316.20,1316.20,1316.20,129.82K,3.91
"2017-05-31",1325.60,1325.60,1325.60,1325.60,2.71K,0.71
"2017-06-01",1320.30,1320.30,1320.30,1320.30,0.00K,-0.4
"2017-06-02",1330.20,1321.90,1321.90,1321.90,0.00K,0.75
"2017-06-05",1332.70,1332.70,1332.70,1332.70,0.00K,0.19
"2017-06-06",1347.10,1347.10,1347.10,1347.10,0.94K,1.08
"2017-06-07",1342.70,1342.70,1342.70,1342.70,0.64K,-0.33
"2017-06-08",1329.00,1329.00,1329.00,1329.00,0.32K,-1.02
"2017-06-09",1321.00,1321.00,1321.00,1321.00,0.47K,-0.6
"2017-06-12",1318.60,1318.60,1318.60,1318.60,0.26K,-0.18
"2017-06-13",1318.30,1318.30,1318.30,1318.30,0.15K,-0.02
"2017-06-14",1325.30,1322.50,1322.50,1322.50,0.01K,0.53
"2017-06-15",1303.90,1303.90,1303.90,1303.90,0.74K,-1.61
"2017-06-16",1305.80,1305.80,1305.80,1305.80,0.03K,0.15
"2017-06-19",1296.10,1295.00,1297.90,1295.00,0.01K,-0.74
"2017-06-20",1292.50,1297.60,1297.60,1297.60,0.00K,-0.28
"2017-06-21",1294.60,1294.60,1294.60,1294.60,0.00K,0.16
"2017-06-22",1298.10,1298.10,1298.10,1298.10,0.16K,0.27
"2017-06-23",1305.40,1305.40,1305.40,1305.40,0.27K,0.56
"2017-06-26",1295.40,1295.40,1295.40,1295.40,0.19K,-0.77
"2017-06-27",1296.10,1296.10,1296.10,1296.10,0.11K,0.05
"2017-06-28",1298.50,1298.50,1298.50,1298.50,0.01K,0.19
"2017-06-29",1295.40,1295.40,1295.40,1295.40,0.54K,-0.24
"2017-06-30",1291.70,1291.70,1291.70,1291.70,0.04K,-0.29
"2017-07-03",1268.60,1287.20,1287.60,1271.00,0.02K,-1.79
"2017-07-04",1227.55,1224.30,1228.03,1221.49,0,-3.24
"2017-07-05",1271.60,1276.50,1276.50,1271.20,0.02K,3.59
"2017-07-06",1274.40,1274.40,1274.40,1274.40,0.01K,0.22
"2017-07-07",1260.10,1270.30,1270.30,1268.90,0.00K,-1.12
"2017-07-10",1263.70,1263.70,1263.70,1263.70,0.03K,0.29
"2017-07-11",1265.40,1265.40,1265.40,1265.40,0.01K,0.13
"2017-07-12",1268.90,1268.90,1268.90,1268.90,0.01K,0.28
"2017-07-13",1266.20,1268.40,1268.40,1268.40,0.00K,-0.21
"2017-07-14",1276.50,1264.00,1280.40,1264.00,0.01K,0.81
"2017-07-17",1283.10,1283.10,1283.10,1283.10,0.01K,0.52
"2017-07-18",1291.20,1291.20,1291.20,1291.20,0.03K,0.63
"2017-07-19",1291.40,1291.40,1291.40,1291.40,0.00K,0.02
"2017-07-20",1294.80,1294.80,1294.80,1294.80,0.01K,0.26
"2017-07-21",1303.60,1303.80,1303.80,1303.80,0.00K,0.68
"2017-07-24",1303.10,1301.50,1301.50,1301.00,0.00K,-0.04
"2017-07-25",1300.90,1300.90,1300.90,1300.90,0.02K,-0.17
"2017-07-26",1298.90,1298.90,1298.90,1298.90,0.00K,-0.15
"2017-07-27",1310.20,1313.70,1313.70,1313.70,0.05K,0.87
"2017-07-28",1319.10,1319.10,1319.10,1319.10,64.18K,0.68
"2017-07-31",1317.20,1317.20,1317.20,1317.20,7.78K,-0.14
"2017-08-01",1323.00,1318.60,1322.00,1318.60,0.00K,0.44
"2017-08-02",1322.20,1318.60,1318.60,1318.60,0.00K,-0.06
"2017-08-03",1318.30,1318.30,1318.30,1318.30,0.88K,-0.29
"2017-08-04",1308.40,1308.40,1308.40,1308.40,0.52K,-0.75
"2017-08-07",1308.70,1306.00,1306.00,1306.00,0.00K,0.02
"2017-08-08",1307.10,1317.40,1317.40,1305.20,0.00K,-0.12
"2017-08-09",1323.70,1323.70,1323.70,1323.70,0.57K,1.27
"2017-08-10",1334.50,1335.00,1335.00,1332.40,0.02K,0.82
"2017-08-11",1338.10,1338.10,1338.10,1338.10,0.14K,0.27
"2017-08-14",1334.80,1334.80,1334.80,1334.80,0.34K,-0.25
"2017-08-15",1324.20,1323.40,1323.40,1321.50,0.01K,-0.79
"2017-08-16",1327.50,1318.50,1318.50,1318.50,0.00K,0.25
"2017-08-17",1336.80,1336.20,1336.20,1336.20,0.00K,0.7
"2017-08-18",1335.70,1335.70,1335.70,1335.70,0.00K,-0.08
"2017-08-21",1341.00,1341.00,1341.00,1341.00,0.02K,0.4
"2017-08-22",1335.50,1335.50,1335.50,1335.50,0.10K,-0.41
"2017-08-23",1338.80,1338.80,1338.80,1338.80,0.25K,0.25
"2017-08-24",1336.00,1336.00,1336.00,1336.00,0.55K,-0.21
"2017-08-25",1341.90,1341.90,1341.90,1341.90,0.28K,0.44
"2017-08-28",1359.70,1359.70,1359.70,1359.70,0.15K,1.33
"2017-08-29",1362.80,1368.70,1368.70,1368.30,0.00K,0.23
"2017-08-30",1358.00,1358.00,1358.00,1358.00,0.37K,-0.35
"2017-08-31",1365.60,1371.00,1371.00,1371.00,0.00K,0.56
"2017-09-01",1374.20,1374.20,1374.20,1374.20,0.01K,0.63
"2017-09-03",1341.22,1340.54,1342.07,1338.96,0,-2.4
"2017-09-04",1338.08,1341.21,1344.59,1337.01,0,-0.23
"2017-09-05",1388.30,1387.50,1387.50,1387.50,0.00K,3.75
"2017-09-06",1383.00,1383.00,1383.00,1383.00,0.02K,-0.38
"2017-09-07",1395.10,1397.80,1397.80,1397.80,0.00K,0.87
"2017-09-08",1396.40,1396.40,1396.40,1396.40,0.00K,0.09
"2017-09-11",1381.20,1381.20,1381.20,1381.20,0.01K,-1.09
"2017-09-12",1378.90,1378.90,1378.90,1378.90,0.50K,-0.17
"2017-09-13",1373.80,1373.80,1373.80,1373.80,0.08K,-0.37
"2017-09-14",1376.30,1376.30,1376.30,1376.30,0.24K,0.18
"2017-09-15",1372.20,1372.20,1372.20,1372.20,0.15K,-0.3
"2017-09-18",1357.40,1357.40,1357.40,1357.40,0.00K,-1.08
"2017-09-19",1358.30,1358.30,1358.30,1358.30,0.04K,0.07
"2017-09-20",1364.00,1364.00,1364.00,1364.00,0.01K,0.42
"2017-09-21",1342.40,1342.00,1342.00,1342.00,0.00K,-1.58
"2017-09-22",1345.10,1345.10,1345.10,1345.10,0.00K,0.2
"2017-09-25",1359.20,1359.20,1359.20,1359.20,0.01K,1.05
"2017-09-26",1349.70,1349.70,1349.70,1349.70,0.04K,-0.7
"2017-09-27",1336.30,1336.50,1340.10,1333.70,0.01K,-0.99
"2017-09-28",1336.90,1336.90,1336.90,1336.90,0.00K,0.04
"2017-09-29",1333.20,1333.20,1333.20,1333.20,0.01K,-0.28
"2017-10-02",1324.70,1324.70,1324.70,1324.70,0.14K,-0.64
"2017-10-03",1323.40,1323.40,1323.40,1323.40,0.07K,-0.1
"2017-10-04",1325.60,1325.60,1325.60,1325.60,0.22K,0.17
"2017-10-05",1322.60,1322.60,1322.60,1322.60,0.03K,-0.23
"2017-10-06",1324.30,1324.30,1324.30,1324.30,0.05K,0.13
"2017-10-09",1334.70,1334.70,1334.70,1334.70,0.02K,0.79
"2017-10-10",1343.70,1342.40,1342.40,1342.20,0.00K,0.67
"2017-10-11",1338.80,1338.80,1338.80,1338.80,0.02K,-0.36
"2017-10-12",1346.60,1346.40,1346.40,1346.20,0.00K,0.58
"2017-10-13",1354.70,1354.70,1354.70,1354.70,0.18K,0.6
"2017-10-16",1353.90,1353.90,1353.90,1353.90,0.07K,-0.06
"2017-10-17",1336.70,1336.70,1336.70,1336.70,0.00K,-1.27
"2017-10-18",1333.50,1333.50,1333.50,1333.50,0.16K,-0.24
"2017-10-19",1340.10,1340.10,1340.10,1340.10,0.00K,0.49
"2017-10-20",1330.40,1330.40,1330.40,1330.40,0.30K,-0.72
"2017-10-23",1331.10,1327.80,1332.30,1327.80,0.03K,0.05
"2017-10-24",1328.40,1328.40,1328.40,1328.40,0.11K,-0.2
"2017-10-25",1329.70,1329.70,1329.70,1329.70,0.11K,0.1
"2017-10-26",1320.30,1319.50,1319.80,1317.30,0.01K,-0.71
"2017-10-27",1322.00,1318.90,1320.10,1318.90,0.00K,0.13
"2017-10-30",1327.80,1327.80,1327.80,1327.80,0.22K,0.44
"2017-10-31",1320.60,1320.60,1320.60,1320.60,0.24K,-0.54
"2017-11-01",1327.50,1327.50,1327.50,1327.50,0.05K,0.52
"2017-11-02",1328.30,1328.30,1328.30,1328.30,0.07K,0.06
"2017-11-03",1319.80,1319.80,1319.80,1319.80,0.02K,-0.64
"2017-11-06",1332.40,1332.40,1332.40,1332.40,0.00K,0.95
"2017-11-07",1326.50,1326.50,1326.50,1326.50,0.00K,-0.44
"2017-11-08",1334.90,1334.90,1334.90,1334.90,0.02K,0.63
"2017-11-09",1339.40,1339.40,1339.40,1339.40,0.03K,0.34
"2017-11-10",1327.10,1329.60,1329.60,1329.60,0.05K,-0.92
"2017-11-13",1332.50,1332.50,1332.50,1332.50,0.00K,0.41
"2017-11-14",1336.30,1335.70,1335.70,1335.70,0.02K,0.29
"2017-11-15",1330.80,1330.80,1330.80,1330.80,0.01K,-0.41
"2017-11-16",1331.50,1331.50,1331.50,1331.50,0.04K,0.05
"2017-11-17",1350.10,1350.10,1350.10,1350.10,0.00K,1.4
"2017-11-20",1329.40,1343.90,1345.30,1334.40,0.01K,-1.53
"2017-11-21",1336.50,1336.50,1336.50,1336.50,0.02K,0.53
"2017-11-22",1347.10,1336.50,1348.60,1336.50,0.24K,0.79
"2017-11-23",1291.66,1291.19,1293.87,1287.65,0,-4.12
"2017-11-24",1342.30,1342.30,1342.30,1342.30,0.01K,3.92
"2017-11-27",1349.40,1348.00,1348.00,1348.00,0.00K,0.53
"2017-11-28",1349.70,1349.70,1349.70,1349.70,4.06K,0.02
"2017-11-29",1337.10,1342.00,1342.00,1342.00,0.00K,-0.93
"2017-11-30",1328.00,1328.00,1328.00,1328.00,0.09K,-0.68
"2017-12-01",1333.50,1333.50,1333.50,1333.50,0.00K,0.41
"2017-12-04",1328.70,1328.70,1328.70,1328.70,0.85K,-0.36
"2017-12-05",1315.80,1320.90,1320.90,1316.10,0.00K,-0.97
"2017-12-06",1316.90,1316.20,1316.20,1316.20,0.01K,0.08
"2017-12-07",1303.70,1317.10,1317.10,1304.50,0.09K,-1
"2017-12-08",1298.80,1301.50,1301.50,1298.10,0.28K,-0.38
"2017-12-11",1297.50,1298.60,1298.60,1293.40,0.02K,-0.1
"2017-12-12",1292.60,1296.70,1296.80,1289.40,0.05K,-0.38
"2017-12-13",1299.40,1299.40,1299.40,1299.40,0.03K,0.53
"2017-12-14",1307.90,1305.60,1309.60,1303.40,0.02K,0.65
"2017-12-15",1308.10,1312.10,1312.10,1310.00,0.00K,0.02
"2017-12-18",1316.30,1311.90,1312.60,1311.90,0.00K,0.63
"2017-12-19",1315.50,1315.50,1315.50,1315.50,0.01K,-0.06
"2017-12-20",1321.10,1317.90,1321.80,1317.90,0.02K,0.43
"2017-12-21",1322.00,1319.50,1319.50,1319.50,0.03K,0.07
"2017-12-22",1330.50,1322.00,1329.10,1322.00,0.00K,0.64
"2017-12-25",1277.90,1278.90,1279.50,1277.90,0,-3.95
"2017-12-26",1339.20,1337.00,1337.90,1337.00,0.00K,4.8
"2017-12-27",1343.00,1341.00,1341.00,1341.00,0.00K,0.28
"2017-12-28",1350.10,1346.00,1346.40,1343.30,0.13K,0.53
"2017-12-29",1362.60,1362.60,1362.60,1362.60,0.02K,0.93
"2018-01-01",1308.70,1305.80,1309.70,1304.60,0,-3.96
"2018-01-02",1370.50,1370.50,1370.50,1370.50,0.10K,4.72
"2018-01-03",1374.20,1372.00,1372.00,1369.00,0.02K,0.27
"2018-01-04",1377.40,1363.40,1375.60,1362.70,0.01K,0.23
"2018-01-05",1378.40,1377.80,1377.80,1377.80,0.01K,0.07
"2018-01-08",1376.80,1376.80,1376.80,1376.80,0.03K,-0.12
"2018-01-09",1370.00,1368.10,1368.10,1368.10,0.03K,-0.49
"2018-01-10",1377.00,1377.00,1377.00,1377.00,0.13K,0.51
"2018-01-11",1380.10,1380.10,1380.10,1380.10,0.07K,0.23
"2018-01-12",1394.40,1394.40,1394.40,1394.40,0.03K,1.04
"2018-01-14",1337.40,1337.70,1338.60,1336.40,0,-4.09
"2018-01-15",1341.80,1337.30,1344.90,1337.00,0,0.33
"2018-01-16",1396.80,1391.00,1391.30,1391.00,0.01K,4.1
"2018-01-17",1399.70,1399.70,1399.70,1399.70,0.01K,0.21
"2018-01-18",1387.40,1387.40,1387.40,1387.40,0.05K,-0.88
"2018-01-19",1394.30,1394.30,1394.30,1394.30,0.01K,0.5
"2018-01-22",1394.00,1394.00,1394.00,1394.00,0.02K,-0.02
"2018-01-23",1398.20,1398.20,1398.20,1398.20,0.02K,0.3
"2018-01-24",1419.10,1419.10,1419.10,1419.10,0.32K,1.49
"2018-01-25",1425.90,1418.80,1418.80,1418.80,0.00K,0.48
"2018-01-26",1416.00,1414.00,1416.50,1414.00,0.09K,-0.69
"2018-01-29",1403.60,1412.00,1412.00,1403.00,0.39K,-0.88
"2018-01-30",1398.50,1398.50,1398.50,1398.50,0.20K,-0.36
"2018-01-31",1401.70,1405.80,1407.50,1405.80,0.01K,0.23
"2018-02-01",1406.70,1406.70,1406.70,1406.70,0.06K,0.36
"2018-02-02",1396.20,1396.20,1396.20,1396.20,0.06K,-0.75
"2018-02-05",1394.50,1394.50,1394.50,1394.50,0.31K,-0.12
"2018-02-06",1387.00,1405.20,1405.20,1385.00,0.02K,-0.54
"2018-02-07",1372.30,1374.00,1374.00,1374.00,0.03K,-1.06
"2018-02-08",1376.40,1376.00,1377.00,1375.00,0.01K,0.3
"2018-02-09",1372.30,1372.70,1372.70,1372.70,0.00K,-0.3
"2018-02-12",1383.10,1383.10,1383.10,1383.10,0.01K,0.79
"2018-02-13",1387.00,1389.20,1389.20,1389.10,0.00K,0.28
"2018-02-14",1415.10,1397.00,1397.00,1397.00,0.03K,2.03
"2018-02-15",1413.70,1412.00,1412.00,1412.00,0.00K,-0.1
"2018-02-16",1415.00,1415.00,1415.00,1415.00,0.00K,0.09
"2018-02-18",1350.50,1349.70,1352.40,1349.70,0,-4.56
"2018-02-19",1347.80,1350.40,1353.90,1347.40,0,-0.2
"2018-02-20",1390.10,1404.80,1404.80,1392.20,0.02K,3.14
"2018-02-21",1392.30,1390.70,1394.00,1388.80,0.21K,0.16
"2018-02-22",1393.10,1387.40,1392.80,1383.10,0.01K,0.06
"2018-02-23",1390.70,1390.70,1390.70,1390.70,0.15K,-0.17
"2018-02-26",1394.80,1394.80,1394.80,1394.80,0.10K,0.29
"2018-02-27",1381.30,1385.80,1385.80,1378.40,0.11K,-0.97
"2018-02-28",1380.80,1382.00,1382.00,1382.00,0.04K,-0.04
"2018-03-01",1367.60,1377.50,1377.50,1365.80,0.03K,-0.96
"2018-03-02",1385.80,1378.00,1378.00,1378.00,0.21K,1.33
"2018-03-05",1382.10,1382.10,1382.10,1382.10,0.18K,-0.27
"2018-03-06",1397.50,1399.90,1399.90,1399.90,0.00K,1.11
"2018-03-07",1389.50,1389.50,1389.50,1389.50,0.17K,-0.57
"2018-03-08",1384.00,1381.50,1381.50,1381.50,0.00K,-0.4
"2018-03-09",1386.90,1386.90,1386.90,1386.90,0.00K,0.21
"2018-03-12",1383.70,1381.40,1381.40,1381.40,0.00K,-0.23
"2018-03-13",1390.30,1390.30,1390.30,1390.30,0.60K,0.48
"2018-03-14",1388.60,1388.60,1388.60,1388.60,0.00K,-0.12
"2018-03-15",1380.60,1381.70,1381.70,1381.70,0.10K,-0.58
"2018-03-16",1375.20,1375.20,1375.20,1375.20,0.08K,-0.39
"2018-03-19",1380.60,1380.60,1380.60,1380.60,0.20K,0.39
"2018-03-20",1375.10,1375.10,1375.10,1375.10,0.07K,-0.4
"2018-03-21",1385.50,1385.50,1385.50,1385.50,0.16K,0.76
"2018-03-22",1391.10,1391.10,1391.10,1391.10,0.00K,0.4
"2018-03-23",1413.90,1403.50,1412.30,1403.50,0.01K,1.64
"2018-03-26",1419.90,1420.30,1420.50,1418.90,0.04K,0.42
"2018-03-27",1406.70,1413.00,1413.00,1407.10,0.01K,-0.93
"2018-03-28",1387.80,1399.00,1399.00,1389.50,0.11K,-1.34
"2018-03-29",1384.90,1384.30,1384.30,1384.10,0.00K,-0.21
"2018-04-02",1404.70,1404.70,1404.70,1404.70,0.01K,1.43
"2018-04-03",1395.40,1392.00,1392.00,1392.00,0.01K,-0.66
"2018-04-04",1398.60,1398.60,1398.60,1398.60,0.01K,0.23
"2018-04-05",1387.00,1387.00,1387.00,1387.00,0.04K,-0.83
"2018-04-06",1394.80,1394.00,1394.20,1393.60,0.00K,0.56
"2018-04-09",1398.50,1398.80,1398.80,1398.80,0.00K,0.27
"2018-04-10",1404.40,1404.40,1404.40,1404.40,0.06K,0.42
"2018-04-11",1418.90,1418.90,1418.90,1418.90,0.06K,1.03
"2018-04-12",1400.30,1400.30,1400.30,1400.30,0.06K,-1.31
"2018-04-13",1406.60,1406.60,1406.60,1406.60,0.05K,0.45
"2018-04-16",1409.30,1409.30,1409.30,1409.30,0.02K,0.19
"2018-04-17",1408.00,1410.70,1410.70,1410.70,0.26K,-0.09
"2018-04-18",1412.20,1412.20,1412.20,1412.20,0.00K,0.3
"2018-04-19",1407.50,1405.60,1405.80,1405.60,0.00K,-0.33
"2018-04-20",1396.90,1402.80,1402.80,1396.50,0.22K,-0.75
"2018-04-23",1382.70,1395.10,1395.10,1383.60,0.01K,-1.02
"2018-04-24",1391.80,1384.60,1393.00,1384.60,0.01K,0.66
"2018-04-25",1381.60,1383.40,1383.40,1383.40,0.00K,-0.73
"2018-04-26",1376.70,1378.80,1378.80,1378.80,0.01K,-0.35
"2018-04-27",1382.30,1382.30,1382.30,1382.30,0.01K,0.41
"2018-04-30",1377.80,1380.00,1380.00,1380.00,0.01K,-0.33
"2018-05-01",1365.10,1370.00,1370.00,1365.20,0.17K,-0.92
"2018-05-02",1364.00,1370.00,1370.00,1364.00,0.04K,-0.08
"2018-05-03",1371.10,1370.00,1374.20,1370.00,0.01K,0.52
"2018-05-04",1373.40,1370.00,1373.60,1370.00,0.04K,0.17
"2018-05-07",1372.90,1376.20,1377.20,1369.60,0.02K,-0.04
"2018-05-08",1372.50,1365.50,1365.50,1365.50,0.00K,-0.03
"2018-05-09",1371.70,1374.10,1375.10,1370.40,0.15K,-0.06
"2018-05-10",1380.80,1373.20,1376.70,1372.70,0.29K,0.66
"2018-05-11",1379.10,1379.10,1379.10,1379.10,0.20K,-0.12
"2018-05-14",1376.60,1376.60,1376.60,1376.60,0.11K,-0.18
"2018-05-15",1348.50,1366.30,1366.30,1349.00,0.03K,-2.04
"2018-05-16",1350.10,1352.80,1352.80,1347.00,0.03K,0.12
"2018-05-17",1347.90,1351.10,1351.10,1347.00,0.01K,-0.16
"2018-05-18",1349.20,1344.40,1349.00,1344.40,0.02K,0.1
"2018-05-21",1349.00,1342.00,1345.10,1342.00,0.00K,-0.01
"2018-05-22",1350.00,1350.00,1350.00,1350.00,0.01K,0.07
"2018-05-23",1347.40,1347.00,1347.00,1347.00,0.05K,-0.19
"2018-05-24",1362.40,1362.40,1362.40,1362.40,0.02K,1.11
"2018-05-25",1361.40,1360.20,1361.80,1360.20,0.12K,-0.07
"2018-05-27",1298.30,1299.80,1299.90,1296.10,0,-4.63
"2018-05-28",1297.60,1298.40,1299.70,1294.70,0,-0.05
"2018-05-29",1354.60,1361.50,1362.40,1353.00,0.67K,4.39
"2018-05-30",1357.60,1355.00,1356.40,1355.00,0.68K,0.22
"2018-05-31",1355.90,1357.40,1357.40,1355.30,0.22K,-0.13
"2018-06-01",1350.90,1350.90,1350.90,1350.90,0.20K,-0.37
"2018-06-04",1349.40,1349.40,1349.40,1349.40,0.06K,-0.11
"2018-06-05",1354.10,1349.50,1355.10,1349.50,0.28K,0.35
"2018-06-06",1353.50,1356.60,1356.60,1352.40,0.53K,-0.04
"2018-06-07",1354.40,1354.40,1355.20,1354.20,0.31K,0.07
"2018-06-08",1354.40,1355.30,1355.30,1355.30,0.04K,0
"2018-06-11",1355.50,1356.30,1356.30,1356.30,0.00K,0.08
"2018-06-12",1351.80,1353.50,1353.50,1353.50,0.00K,-0.27
"2018-06-13",1353.50,1353.50,1353.50,1353.50,0.05K,0.13
"2018-06-14",1360.60,1360.60,1360.60,1360.60,0.05K,0.52
"2018-06-15",1329.30,1342.70,1342.70,1342.70,0.06K,-2.3
"2018-06-18",1331.10,1331.90,1331.90,1331.90,0.10K,0.14
"2018-06-19",1329.20,1327.90,1327.90,1327.90,0.36K,-0.14
"2018-06-20",1325.30,1328.10,1328.10,1323.00,0.22K,-0.29
"2018-06-21",1321.00,1315.10,1321.50,1315.10,0.05K,-0.32
"2018-06-22",1321.30,1320.50,1320.50,1320.00,0.02K,0.02
"2018-06-25",1319.20,1320.20,1320.20,1317.20,0.08K,-0.16
"2018-06-26",1309.60,1314.00,1314.00,1309.40,0.02K,-0.73
"2018-06-27",1305.70,1307.80,1307.80,1304.50,0.04K,-0.3
"2018-06-28",1300.20,1301.10,1301.10,1301.10,0.14K,-0.42
"2018-06-29",1303.90,1302.00,1304.10,1299.50,0.01K,0.28
"2018-07-02",1289.90,1300.00,1300.00,1300.00,0.17K,-1.07
"2018-07-03",1302.40,1288.50,1305.10,1288.50,0.18K,0.97
"2018-07-04",1258.10,1256.20,1262.40,1255.30,0,-3.4
"2018-07-05",1307.60,1307.90,1307.90,1305.40,0.03K,3.93
"2018-07-06",1304.80,1305.50,1305.50,1305.50,0.00K,-0.21
"2018-07-09",1309.00,1303.50,1313.50,1303.50,0.03K,0.32
"2018-07-10",1305.10,1310.10,1310.10,1304.10,0.43K,-0.3
"2018-07-11",1293.30,1290.70,1290.70,1290.70,0.14K,-0.9
"2018-07-12",1295.40,1292.40,1295.40,1291.50,0.04K,0.16
"2018-07-13",1289.70,1290.00,1290.10,1287.90,0.13K,-0.44
"2018-07-16",1288.20,1289.90,1289.90,1288.90,0.01K,-0.12
"2018-07-17",1275.30,1288.30,1292.40,1276.10,0.34K,-1
"2018-07-18",1275.70,1271.10,1272.10,1268.90,0.26K,0.03
"2018-07-19",1271.10,1265.90,1265.90,1262.90,0.34K,-0.36
"2018-07-20",1277.50,1264.60,1278.00,1264.60,0.15K,0.5
"2018-07-23",1271.40,1278.50,1278.50,1270.30,0.26K,-0.48
"2018-07-24",1271.50,1270.00,1272.00,1265.90,0.10K,0.01
"2018-07-25",1277.40,1275.80,1278.50,1275.00,0.06K,0.46
"2018-07-26",1271.80,1271.80,1271.80,1271.80,0.06K,-0.44
"2018-07-27",1269.30,1265.10,1270.10,1265.10,0.02K,-0.2
"2018-07-30",1268.00,1268.30,1268.30,1268.30,0.07K,-0.1
"2018-07-31",1270.10,1268.10,1272.00,1260.00,0.04K,0.17
"2018-08-01",1264.30,1263.40,1263.40,1261.90,0.05K,-0.46
"2018-08-02",1256.50,1262.80,1263.40,1253.50,0.09K,-0.62
"2018-08-03",1259.70,1249.50,1264.50,1249.50,0.03K,0.25
"2018-08-06",1254.10,1260.10,1260.10,1254.00,0.01K,-0.44
"2018-08-07",1254.70,1257.50,1259.60,1255.50,0.01K,0.05
"2018-08-08",1257.30,1256.80,1256.80,1256.80,0.00K,0.21
"2018-08-09",1256.30,1256.30,1256.30,1256.30,0.12K,-0.08
"2018-08-10",1255.10,1251.00,1260.00,1251.00,0.10K,-0.1
"2018-08-13",1234.60,1251.50,1251.50,1236.20,0.19K,-1.63
"2018-08-14",1236.40,1236.70,1237.60,1236.40,0.06K,0.15
"2018-08-15",1220.20,1230.00,1230.20,1217.10,0.04K,-1.31
"2018-08-16",1219.20,1211.10,1223.10,1208.60,0.30K,-0.08
"2018-08-17",1219.30,1214.30,1226.00,1214.30,0.02K,0.01
"2018-08-20",1229.60,1227.90,1231.60,1227.30,0.14K,0.84
"2018-08-21",1234.90,1236.00,1237.30,1231.60,0.03K,0.43
"2018-08-22",1238.20,1239.20,1239.20,1237.40,0.04K,0.27
"2018-08-23",1228.40,1229.30,1233.40,1228.00,0.07K,-0.79
"2018-08-24",1248.20,1228.60,1249.20,1228.60,0.03K,1.61
"2018-08-27",1251.20,1245.20,1252.90,1245.20,0.00K,0.24
"2018-08-28",1249.60,1247.90,1247.90,1242.50,0.01K,-0.13
"2018-08-29",1246.50,1242.80,1246.80,1242.80,0.10K,-0.25
"2018-08-30",1239.50,1243.00,1243.30,1237.40,0.43K,-0.56
"2018-08-31",1241.10,1243.80,1247.90,1241.60,0.02K,0.13
"2018-09-02",1204.90,1206.20,1206.60,1204.50,0,-2.92
"2018-09-03",1206.30,1204.90,1209.60,1201.30,0,0.12
"2018-09-04",1233.60,1241.00,1243.20,1230.30,0.11K,2.26
"2018-09-05",1236.00,1234.40,1237.30,1233.70,0.11K,0.19
"2018-09-06",1239.10,1242.50,1246.50,1237.80,0.55K,0.25
"2018-09-07",1235.50,1240.60,1241.50,1235.80,0.47K,-0.29
"2018-09-10",1235.00,1233.70,1237.20,1233.50,0.05K,-0.04
"2018-09-11",1237.60,1234.80,1239.50,1230.00,0.16K,0.21
"2018-09-12",1246.60,1238.00,1247.00,1235.70,0.40K,0.73
"2018-09-13",1243.80,1246.40,1252.50,1242.10,0.29K,-0.22
"2018-09-14",1236.60,1244.00,1247.70,1234.80,0.28K,-0.58
"2018-09-17",1241.20,1236.70,1244.70,1236.70,0.15K,0.37
"2018-09-18",1238.30,1238.20,1241.20,1238.20,0.24K,-0.23
"2018-09-19",1244.10,1240.00,1246.30,1240.00,0.08K,0.47
"2018-09-20",1247.00,1243.10,1248.20,1241.90,0.07K,0.23
"2018-09-21",1236.90,1249.70,1250.30,1231.90,0.04K,-0.81
"2018-09-24",1240.00,1237.70,1243.50,1237.70,0.01K,0.25
"2018-09-25",1240.80,1240.80,1240.80,1240.80,0.05K,0.06
"2018-09-26",1234.40,1239.70,1239.70,1231.00,0.66K,-0.52
"2018-09-27",1222.40,1236.10,1236.10,1221.80,1.30K,-0.97
"2018-09-28",1231.30,1222.90,1232.00,1220.70,0.18K,0.73
"2018-10-01",1227.00,1225.20,1228.80,1223.80,0.50K,-0.35
"2018-10-02",1242.70,1228.10,1247.30,1228.10,0.28K,1.28
"2018-10-03",1238.70,1245.20,1245.20,1237.90,0.18K,-0.32
"2018-10-04",1237.50,1239.00,1242.90,1239.00,0.61K,-0.1
"2018-10-05",1242.20,1238.10,1244.60,1238.10,0.10K,0.38
"2018-10-08",1224.90,1230.00,1230.00,1223.60,0.15K,-1.39
"2018-10-09",1227.80,1230.10,1231.30,1224.90,0.07K,0.24
"2018-10-10",1229.40,1228.80,1233.00,1227.00,0.12K,0.13
"2018-10-11",1264.00,1233.20,1265.70,1231.20,0.76K,2.81
"2018-10-12",1258.10,1259.40,1261.40,1256.70,0.17K,-0.47
"2018-10-15",1266.90,1258.90,1272.90,1258.90,0.19K,0.7
"2018-10-16",1267.30,1269.40,1269.40,1268.40,0.12K,0.03
"2018-10-17",1263.40,1260.40,1268.60,1260.40,0.30K,-0.31
"2018-10-18",1266.60,1262.70,1267.30,1261.30,0.04K,0.25
"2018-10-19",1265.30,1268.50,1268.50,1265.50,0.04K,-0.1
"2018-10-22",1261.30,1266.90,1266.90,1259.70,0.14K,-0.32
"2018-10-23",1273.50,1269.90,1276.40,1269.90,0.05K,0.97
"2018-10-24",1267.60,1271.80,1271.80,1269.50,0.34K,-0.46
"2018-10-25",1269.00,1276.50,1277.50,1267.70,0.48K,0.11
"2018-10-26",1272.30,1270.70,1281.30,1270.00,0.54K,0.26
"2018-10-29",1263.70,1272.20,1272.20,1263.90,0.26K,-0.68
"2018-10-30",1261.50,1263.70,1263.70,1257.40,0.13K,-0.17
"2018-10-31",1250.80,1260.40,1260.40,1250.00,0.96K,-0.85
"2018-11-01",1274.80,1255.30,1272.00,1255.30,0.20K,1.92
"2018-11-02",1269.90,1271.00,1273.90,1268.40,1.29K,-0.38
"2018-11-05",1269.00,1269.90,1270.80,1266.50,0.19K,-0.07
"2018-11-06",1263.00,1273.50,1273.50,1262.90,0.24K,-0.47
"2018-11-07",1265.40,1265.30,1273.00,1262.00,0.57K,0.19
"2018-11-08",1262.00,1262.70,1263.70,1258.00,0.46K,-0.27
"2018-11-09",1245.00,1252.70,1252.70,1243.90,0.46K,-1.35
"2018-11-12",1239.60,1243.40,1244.40,1237.70,0.61K,-0.43
"2018-11-13",1237.50,1239.70,1240.80,1232.50,1.37K,-0.17
"2018-11-14",1246.20,1234.20,1251.30,1234.00,0.33K,0.7
"2018-11-15",1251.70,1249.60,1252.30,1245.50,0.14K,0.44
"2018-11-16",1259.00,1253.30,1260.60,1253.30,0.22K,0.58
"2018-11-19",1261.60,1257.60,1261.00,1257.00,2.39K,0.21
"2018-11-20",1257.50,1261.90,1262.60,1258.20,0.37K,-0.32
"2018-11-21",1264.70,1261.30,1265.40,1260.60,0.34K,0.57
"2018-11-22",1228.00,1226.40,1229.70,1225.50,0,-2.9
"2018-11-23",1260.00,1265.20,1265.50,1257.80,0.64K,2.61
"2018-11-26",1259.70,1260.10,1263.90,1259.40,1.45K,-0.02
"2018-11-27",1250.40,1258.00,1260.00,1248.90,0.43K,-0.74
"2018-11-28",1260.20,1250.90,1261.30,1247.70,0.52K,0.78
"2018-11-29",1260.80,1261.10,1264.10,1259.00,0.17K,0.05
"2018-11-30",1256.50,1257.40,1257.70,1255.30,0.26K,-0.34
"2018-12-03",1270.20,1260.60,1271.00,1260.30,0.18K,1.09
"2018-12-04",1277.40,1271.00,1277.50,1271.00,0.27K,0.57
"2018-12-05",1273.40,1273.50,1273.50,1269.70,0.21K,-0.31
"2018-12-06",1274.30,1273.00,1279.20,1271.20,0.59K,0.07
"2018-12-07",1283.60,1273.60,1286.60,1273.50,0.53K,0.73
"2018-12-10",1280.00,1283.80,1283.80,1279.60,0.68K,-0.28
"2018-12-11",1278.10,1279.80,1285.00,1277.10,0.29K,-0.15
"2018-12-12",1281.00,1280.00,1282.60,1279.80,0.43K,0.23
"2018-12-13",1278.40,1281.20,1281.90,1276.90,0.16K,-0.2
"2018-12-14",1272.20,1277.10,1277.10,1267.50,0.34K,-0.48
"2018-12-17",1282.60,1271.40,1282.00,1270.20,0.44K,0.82
"2018-12-18",1284.00,1282.70,1284.60,1280.70,1.75K,0.11
"2018-12-19",1286.80,1283.90,1289.40,1276.10,0.25K,0.22
"2018-12-20",1298.60,1279.30,1300.00,1279.20,0.54K,0.92
"2018-12-21",1288.60,1295.50,1295.50,1287.90,0.43K,-0.77
"2018-12-24",1302.40,1292.50,1303.80,1292.50,0.16K,1.07
"2018-12-25",1270.75,1272.50,1274.55,1270.65,0,-2.43
"2018-12-26",1303.70,1299.00,1312.80,1298.70,0.26K,2.59
"2018-12-27",1311.90,1304.00,1312.30,1300.30,0.21K,0.63
"2018-12-28",1313.70,1311.00,1313.90,1309.20,0.62K,0.14
"2018-12-31",1312.50,1313.00,1317.10,1311.00,0.53K,-0.09
,,,,,,
,"Tertinggi:1532.40","Terendah:1069.20","Selisih:463.20","Rata-Rata:1303.57","Perubahan%:-4.01",
